0x4884a5e9e7065fee649d4d6a2b8468def13af984,250637
0x0fb3a8acfd8149a9fb706b90d7894a628b2e24c4,250637
0xadfba62152924500f642ca7f9160d3727a5ab80e,250637
0x2b7a8a211e78a25c79d50816816e6569d54bc12b,250637
0x99b490d7571ab7cf12229a7283f9a3c708672daf,250637
0xc66057be77b7330802e2f7adfe42b09a9dc82337,250637
0xaa4ac3fddd6a5e24ac81628667959e94b2d08547,250637
0x7bfa62315f48f748b2bd0b83482c44ea9bad1531,250637
0x46298aeb097bc8bab9dcf2a283817eae36a11bc6,250637
0x003987a0f6eb00d4f0ac89f67d7489fbca9a9ec9,250637
0x871f28e13623eefb1f56916a29052c735e371d9f,250637
0xbb1374a312581b07a8c4b267ac400e3198e9fd4f,250637
0xfa192ed8ea2a3e7c211815ab7ba5ebcf91e58971,250637
0x69464f4cb9b49555c4e0671fa3cdaf8d0f440749,250637
0xdb7ee699a853b9c0f53b26f4e7c1707587b9cc5c,250637
0xfd911f9480084c8e5d7c662adca99f458e437937,250637
0xbe67be7d3d936a40ab4619a758b33e89edf41cc3,250637
0x3c783ee2754d5b20f7e6367202e8fa9c9b61a57f,250637
0x71732e0d83ba98d20debdfa3bd0208cdecede9b9,250637
0x45ec1bcd614ce69f2979e4eb2f9f80a698eff555,250637
0x2805d991311592a1c2805201bd68aca72a0030fd,250637
0xe77174de9b636a522feaab5ff3a17236b244fe62,250637
0x88c47600fac2d4af0f3cc92c57f0e3c0a4d9b319,250637
0xa07ada765fe96b7db128a7b8f5bdfcb000e9ab1d,250637
0x4c3283ac2fb0aee8f7b3c416df507337e4ce1383,250637
0x7e3f6de07d541b6bc5e1d37be9d57499038eb63f,250637
0x0a37f83e8e9014594d254970863fb1cda6b70942,250637
0x103dbb86938c5419abbe407b9370e59f4b99239f,250637
0xb4ce46e7e83e18aa59d3764e36a3a36c6e19af93,250637
0x0a2107430345b5d80e29ca97704a7325282c44ab,250637
0xfd4b90a0124fbf0564845d8bb2410d0cdf6282a0,250637
0xe1308bc0a5d2af67009c72acdd38fdea2a96fe4c,250637
0x6328231403767fade30c9806c257af0f5bdfd945,250637
0x0aad0e083d945229b32a09c59229abe7325143db,250637
0x2e533062abb1db113c1e1c75f858a525b1a6cc3d,250637
0x5447e5b2d500f12552e5aeaaf2f435112f234476,250637
0x969411918c2175623ca1ed64a2a85ef9e51c7a88,250637
0x6ebd3fe9b197f0f8948e28dbc812367779fbea8b,250637
0x2bbae4ba5baedface253144ba7aefe1582eaafd8,250637
0xfdb7d170513db05d2b76ac2dbe48df9b3b81fec2,250637
0x65fdaa0eb1d6753305e5812fdabf157069e2668d,250637
0xc64c20ace4d2bff229a7c45fbf1919f9f7927338,250637
0x095119e3e8aaa84a15ac05fe1b5b259bcb5c4ff7,250637
0xb775f3b9f84a5ba1509decef802b8d9bfe8a0d6d,250637
0x4b85c187a6008ab92230444ab403312b84edc584,250637
0x3660df70994e79348b76a3c161842063c73ae228,250637
0x3219b303ff9dce60a76b5abfdd0a0e91607deb93,250637
0x664ca23e592e9fe215a2b58a4dd327094cb05b49,250637
0x3652b138e416641e6df225493532139d918699da,250637
0x8693908486354d500979e305dfdd5a4ce9184fad,250637
0x62c7ffe9af3ce6063a18d7217aef39a932f93814,250637
0x579f6eb35b9d301e8c83c3d3cb6484d1f63e9232,250637
0x33113a343326be7fa6a714c136603c22413729a8,250637
0x008cbaf8fd2bad8fea7740ef2d365f384b21dca9,250637
0x409a93fa44671182c3202024fee4932c9f73a335,250637
0xd06a4231e8df8f6c0deddbca485f2c62be1ed55d,250637
0xa81b9d0ff465f2478bf11c0c23b37ca475680b8a,250637
0x7e4996acfbe94ac4fe8f3c45b9a5767624010cb4,250637
0x697a1c86d52162cf3debec5605aabae46227efdd,250637
0x89857cc244cc8d9286a0508446441e1a9d29648b,250637
0xa5acf7f8a22f98035725ebc4ff5b5add82fe3e88,250637
0xb809d90dec7b3df56b16f3c4851319eb1b96f6c7,250637
0x9170679fbfec333c055455abc13136f766c640e4,250637
0x934d56d81792164d44783258c7a2f1ff67722c82,250637
0xcf3620b9f1d20402c2db6f0af87366ade82f333b,250637
0x417472f11a337ee4a0f462020dea7b325f8c57b2,250637
0xf892df168f756c56da83292bcecd8cd48f35133e,250637
0x93b753ee0b5302f91918c8251bcc091ca32f69ab,250637
0x5828e2bd5a2ea1c087d045b4a11258bb130b1245,250637
0xf53bb6f07141934ead2a565809f825b336c099b1,250637
0x8d69d7e848aea47aeb188c5ce43993352fe9112e,250637
0x4c885da989c54191f001afc7b0667f7d9d5e37b1,250637
0x8eef779818afa953b0652e45438423ebe089f55a,250637
0xcea245b432c3d276c181e21ad6bc0feee6511e5e,250637
0xa65bb41da3068beab6e50a7738d35ae28a336908,250637
0xaecf149dd07987310f4bf05356f1c7ce6a068b2d,250637
0x5eeef61e6e017f7cf9ffe18787242018698f3e07,250637
0x96ea017109c7691a3080e16c2095b547e29d82f5,250637
0xb307f555d1a71212806610eca7ea817a305417b9,250637
0x3d9845dcf4ec22fe20a2505efbccf7a4aabd02d2,250637
0x1022334a48f2003ec2d99bf21080e85ae6a33a45,250637
0x16fef695791a8561b017e1ac48698d510e094bf2,250637
0xcf6bc09a9d0cc73882accf05f7bc1b20886a71ad,250637
0x7364dcb22fb529b4cd253483d21d92619ac7152b,250637
0x7818bec2e7001fb93230e024f6164c64dd0d02cc,250637
0x92c36253ca0f2c2e98cc3fe7691b38794ab508f5,250637
0xefcba34e1d3cba29ec145f0b2124da58fbab2484,250637
0x3927af597c09774f91ef84bf765ded4109e9f8ea,250637
0x3faa87da7e11902e6c062f94af16bb89dcea29ad,250637
0x8f55a7ea819b94283ff2e5c0d6a86630c0cd2832,250637
0x00029d35cb7ae09d38037355a046791d7b5e1645,250637
0xb1ac1ac5467f6c11cc6d9085c8501702ff8a77f0,250637
0x8cbb45630e9f22955cf210050b22a8e9ec03a516,250637
0xa267f3a4a92531f47811e05e890e977a0fe375b4,250637
0xc79d9a133a81cd50599e49d53a7d597b87a50339,250637
0xbde65738bedcb327a210f3b8b17db6a5f3e9384e,250637
0xaf99a03a94b1701827eae8e3afa4abe9ccf8784d,250637
0x422e4b9ca771a44de7e34cbd4ccbe4fe792e73b1,250637
0x5a642c21afaa4c0346b93b452c2b329971aa33d4,250637
0x953329b3a972530e4d60d11c69609252de1be27f,250637
0x424d1db9e9886393fcd7d1a173d261e1233069b0,250637
0xdbc08f7a55244451132b61ddd9932785c74a5bd7,250637
0x0462750b91211cb0b8aa4c084a37171498abf37d,250637
0xeafcacef477ea7a2acd9a768b755244e0ddffde8,250637
0x13279a3d9216fb5c512bcd5b95d482e2e163d1b7,250637
0x7f12751826674343a1ac8f9af43806470557b9d7,250637
0x0350dfdfa01691aae205c70c9943db4f3f0f2646,250637
0x8899664cbe19375c361cce2c7fdb8a7767b13787,250637
0xd6e593c22b5dad047de5cf96adcbddcc10d73222,250637
0x2ca3912501c28e11bdcf94dca0d340abb34648ad,250637
0x5a32fe3841e643cc9ddf3641c424adc524cff6c0,250637
0xce810e6501641d5b12e6dedd7baf7a9d4d168c12,250637
0x32ca647139948adad93f47ac173ec5a13c257bf1,250637
0x881a6a13ea5ab61fc1d310332affe474e91daead,250637
0x1fb72fa3c230da0906d02c32365bd4e1193a30c9,250637
0x1f9d8a2a241696824878101d3470c2507d248af4,250637
0xe7bbe1c90a6cb8f063050af93ffc057403188f24,250637
0xbe5171f4c3a4057f956afafe922ae48cbcfdb4e0,250637
0x907c766650a8c2560484163f51642d04e6bef5ff,250637
0xc63dc2074c8944e80ed688c8c8af1229a417d368,250637
0x475b80b9b2da163e3239cc2cfde9e4878af445dc,250637
0x01af80a3f3d0712c284583be005b51b29f6444a5,250637
0xafbb7985a1c1b17dd622d93e1d4aba500582a65b,250637
0xa09a2d4fd83786651aca4800270d2301336edc74,250637
0x614cb5b1e00d37f6473cd50e91dbef8b65aa868e,250637
0xdf12f53bcd76a94473e0b90d6a750f7eb4b94af1,250637
0x565180ebb08adff303385425905d8fb23ac2ef04,250637
0x718f59b7012ea338b8609d3c822002ce45b7e278,250637
0x43ce38a738fbb103abfc94ee666b17b5979ae751,250637
0x66c810f3a81298727c3ff809f337ad801301d80d,250637
0xaba70f6a9add9b960a58761e2a865cdc019a824a,250637
0xe30b15e5f7d10bd26d13317c4ea40326ede99d99,250637
0xc35d67c5db4eef1882f317d8db0ff41d8843ecb8,250637
0x70a6109bf4a07a718dd2f845065b61a32d385e3b,250637
0x7d22ae575f90db58f1cc41d324631a8383c81b05,250637
0x2dc7818925fb56029fe3a335828a4bace633389a,250637
0x5d6c398151f6abb15da3ce3a4c4384795169db21,250637
0x9f37e43424a43b663ebcec4101a9d14291b9b502,250637
0xe535df6deaee41657bc4ce2860181eb02f2bd93d,250637
0xcb94461ca713ad9587945b7e3ff1a9e54843511d,250637
0x4ca88cf6d2ffdb586c0611384a7a33de391a34a7,250637
0xca893f0ced733fa7e9086ea985d2008764bd9096,250637
0x3634f315da51a174f1e260eca870436acd537012,250637
0x58bc12686b515b7b543b80c27cda78593c2521b5,250637
0x83de9dea2fadbebcc839498cf2a080c0684f82a3,250637
0xb469e4223fad6747a7e329415d1347eeab51bd1b,250637
0xb571915a2987e279c04783f422fa4852bfb34311,250637
0xcf6e814334aca570e3f8420a69941be7c68c5d43,250637
0xba15b5ff9f79e63651c1fc0e59b2ca9253219172,250637
0xf0de4cd0aaf7e969ffe5cc3acda456dd2cf8641f,250637
0x2474b39822062975f331af483bd7d44c637af813,250637
0x92043adc20305806e11d904e4e6065056d698ef6,250637
0x1600c359685d1c901ed93f42d7a214d48a4efce9,250637
0x4d6f59eb4a36219be7abe417704996476c3326c6,250637
0xd20e1ad727f546e89ba07fb781d559f2e420be24,250637
0x027d3e2d5fa4f710aae2afa95bc4f3d2b9b9fc95,250637
0x6459e91fb2c05106cab5f8293cbb2fd291175260,250637
0xe9a97f1650be687eba2ffc06c56b27c628156d57,250637
0x7c2d60632bae9cb71569ab51ddddc6af6b5b9935,250637
0x1cfc52f308bb7d2ab6a355693e45077c1f1106d6,250637
0x9d6949cfb82266da146daf32c52994e2224a8b38,250637
0x000f1c21fe7af4de8e7836a95788962bb8c0177d,250637
0xcd438d4fb261409b46b15311fa6d96ef667b8a4c,250637
0x13c1173d496c7b70c582fd965c6902bab3d1e28b,250637
0x16c197dec019f5854c96b1b3a28aecf2e5c41bc6,250637
0x8082d0b6c56d6c2460a9c7b307f644c1720e1985,250637
0x6cfd72a7f1aff71d0ca4855cef9f59b28c7f12e0,250637
0x8a2e6ad7d999ee403fbed782c8135d809d27ef8d,250637
0x31632c8071013cc6242e245bdcb25c22386bb1c0,250637
0x1d1d0e731f85460a41dcf614498946e107be8ca9,250637
0x12b14686014ca30348e3802e93b8d5dda96fe5cf,250637
0x5c0e0e6a32347a3ced3710ead0733fe9a9201ef4,250637
0xa8bfc6db53f4de78ef4093e9506a37b3f645111b,250637
0xbaf81703caacb95515f2c63dca1e3af6b1788d3f,250637
0x9319405a3c1a621b30ad2ec855c6fbd4d915917e,250637
0x6ec9d2fca96cae260898304a5fd3a2798800d585,250637
0x0e50097bc3454271a5b079a9c029fda6eb1c05ae,250637
0x081e4455d91726212d1fa9affee80637d1f7be8e,250637
0x18213c5a21d2a0839af5a808d92a9414c471be1f,250637
0x32d1777d2b5f07a4f8746fb0b8ad1283cfacfe72,250637
0xb8786a6b529aa59caabe7b8b66ebac0f98386898,250637
0x5d5b6212c7969e8684d4ee332804d1b09aafb024,250637
0xf0239c5e58ab956a4a3265f734b609127461488f,250637
0x65bea2eab3ed6a737aeaf87afa5a589a7f274499,250637
0xdca9c9e9ea59ad8a75fede1a65224152a4b4a7b3,250637
0x96f63da5a78607dd3ba2146ce41f0fc8b9a58333,250637
0x23f2debc1355acf7be8de8e3f22f83d27ecdd577,250637
0xef8c8a9aad313b81db4ec91efdb192bc178d7a5e,250637
0xa3526dfe4128dd35c479a9b7e98eba3f313a71cb,250637
0xfac08cb47c5e964bef2138b2b20fb911405ee749,250637
0x7933c2366a6eb5e47406daabde5c89959e4aae80,250637
0x0565fc6bf3d43bd576ab571e4b18c5518643eeef,250637
0x85d721f1031ef9f89dab2e7f4b9151097118883a,250637
0x3a54a8a0d5fbb20968512d028e66ba68aaea7843,250637
0x7d3da2e1c4a62f1654e5a44aba7e41c3b12d17b5,250637
0x3144551bb9954554fbb9fc0cf815e0dedbcb862b,250637
0x5eacd8e3ac921d71d839c2455a57da1a1e105660,250637
0xd0214cf5f45c662f25bc117ab0d6f0d3efaa0c0d,250637
0x4d967031cd90f46877afc5a79344694e92bbe0bf,250637
