0x7114e2c0a8916b94a47febff3a6038dc4f22c821,250637
0xa6bb41f25d92907db9d0e90bf90f8fdc99147c57,250637
0x48e8717af25d877b471095e2d43b0eead7579e5d,250637
0xd13885e0a50c8706ba9b24d7e2b52366a21f3433,250637
0xc08fe4556b21377e74523d0092b75547be745df4,250637
0x80ddee4afaf73a12d8c860d840cbcacea6491eec,250637
0x937af2277a6f766f49581da6f620a3cf9b050d74,250637
0x9c6fda5079c79a019f0f5f9399ec1992aa5717ed,250637
0x2d66a6a43c83b179d68afc4f0d93c72b689438a6,250637
0x1793fed47d784309210652d3ad63b81c01ae7f30,250637
0xd096848c3692dad31628df0e2b1ea5449ec3ab17,250637
0xedd7e1e67a58dff47db318c79ce829616563cb85,250637
0xf19210f7f34d79eb939b71610a2a17dfb11e9aa2,250637
0x7b55b0b671f2952b092bebc75dfcfb9b86cdd032,250637
0x111b1bdb01cf89926d08e95e689553673b14002d,250637
0xd4af804b5fc981c889e7b7c3af0e8d8ac2e2630d,250637
0x474fdee491972893513ee80a4681a75ccfbed60d,250637
0x31abcfb5276656bc7853cbfb33dfb0d63279f2fc,250637
0xafaca46f253c85d4ba372f82a8a4f4b0dd5d7dfc,250637
0x03aa624cc1067f068600856b2337303fc1f31983,250637
0x0e850df5287d4e3c091196a0e1485dfea1694c8d,250637
0x9cefe0cd86491f5f61ebf4f1e4a64ff29db7cce3,250637
0x76f6df80ccee54eb21e2fe9ee511a58fdbb2eb45,250637
0x17ed42e14d2b37b738f0c3967dab8c2f60d03a84,250637
0x0033d4f0c3278b58a8e542e9472c2b191c6a1fd8,250637
0xe06383ece7b8bbb6c3f65a95fc2b6450e9077a6c,250637
0x491bfa442cff8f660e554f3e63b1e9fc03fc392c,250637
0x56ecc9365363a29ee6681c1a004f34c991cc7a8e,250637
0xd3c2670d780e702a5a64a94e2fdbe0af6ae85d8d,250637
0x10094898ba4a79915a89c5401866decceed674e2,250637
0xe7eddd0dbbb9b32df023282d862249c34078de4e,250637
0x6fad31556d5834487c959d73033cf416c202120d,250637
0x0fca2e10403013323e04c3f49b6bdf353a26682f,250637
0xa9ab423d16c8d55b5d3f36b793956bddb1706c64,250637
0x9d3adec7fb41447f1e744fd3e73520aef19cc551,250637
0x8baacd1f02c09c2b0a5577a4e641d5da44480bab,250637
0x77468ae164473b78f5fa6889f65e2753ef21ccc0,250637
0x187bb11c964130aa962e9a2ada37776755d78c4c,250637
0x6ca8721a2e4a1570b13e0ff150e16fc507f2f8ac,250637
0xe8b031467b5e45e7b5f41311b3605d01a3bb7cf1,250637
0x9ec89d2441c663fed74647e8abf5c0db445f0249,250637
0xbe22440f7e972891d892640e2611571c2aa38956,250637
0xf676f0fcd6951bd91e39944b10afbe74254456be,250637
0x9c4d7146534687a0f72104974ccd0822361351f7,250637
0x18beba3fce9ec593c227c4adddbbe649328bbfb3,250637
0x441fef312f86894acf8cc70d0cb19ccae4ba76d9,250637
0x250ab433e10f4db643f6d958f296cb23babd29a9,250637
0x760d07e48bee9086f98db61c3330f712a8b34dc1,250637
0x09cbafa98ee35aab210e667d32bc32318f0f258f,250637
0xdc7bd68ae573b7abb895754da1188713b09ad199,250637
0xef7db6f4bc427b385bd47bd4260212844fc51627,250637
0xacbf2eb054fab0192855f948c9e23760f0582388,250637
0x6d299cac75bf7af20fcd0830186566bc34a4c793,250637
0x7c810f9ceef50ffccefd86f7aafbe2c5a68fd056,250637
0x6143eacf6db9c121b75f67642fb09a912c8f53a2,250637
0x475166ac2c47cf9b005de4806cbfcfc18cc08a35,250637
0xf1b336fe57c2cc93373089dc763ccf2c7b379484,250637
0xd7129976129f8f68ae5ce61a866d488bfaa9bc6c,250637
0xac0851ce966c738f8401500c2173e76288069067,250637
0xa4e9ed3a9f1feed4ad5807ccfa213c4ed4d6b639,250637
0x5a3745c0bfc68d27283760dac2ac25c54fe1319e,250637
0x9928ce0a64e5baa9b42390728a6cc74a4d395326,250637
0x98470a4959ff07ae7d336bf905cfc9c71b70e4af,250637
0xc3fa7f32a27dc4e0ab2cdf95d74d6cd4e0a27bd6,250637
0xb5b7faf00c88ce3881c4ec3c4d8795ed692231ba,250637
0x39e15f19b82148b8dc3b8bc8b440d0b293410122,250637
0x502a9606eac91239430470a4ebfe366d27a92794,250637
0x27202bac4224baa464be9f1bd77f3feeccecfbd8,250637
0x125a64e73ba566f1abddf34df40cc7d6e0f7840a,250637
0xd434ab5a0350ba08c2ef6be672bbb5233f276622,250637
0x5245a1b45a2da5b90eab882acb780491a89e081b,250637
0xf2d528507a06a4bc84db7dc07b8ed8e4da4b8dc1,250637
0xc867968bf94efa2aac69020f1ba483af1e9f640a,250637
0x144f8d2d3518c6ae6eb751c96c3722c920a6093d,250637
0xef389a138d961edecda8a0c2b0f0c94db82909bf,250637
0xf63ed35d9e1867d3150104c6737a9a7d8f9e9da0,250637
0xa2ccb0b1de1804d54ef0838f6455d7ea53424283,250637
0x06397d1230889d17e3e5f77103648164ae7a2742,250637
0xb6368c04a0171ec1c6d18573527de9710d959250,250637
0x62873dc77d9b79301527ce65e6509c8eb5c895ac,250637
0x6718b1a0367264c34cf632a49cb3c32c5e0c8e4c,250637
0x2cd268a0d57edcf1fb5ad87e0899b92b406b601c,250637
0x6ba3ef70f5a52501ba37df23dc8a047db65295b7,250637
0xdab608cd978e9d69ca812fb2db20735eb74672e4,250637
0xcb53b61d2a559f62e3e476736f68d179a7aef1a2,250637
0xc46db2d89327d4c41eb81c43ed5e3dff111f9a8f,250637
0x3b7d646966a4f9c2814bd0b414818ab0cbd1242b,250637
0xa6a4b8b09519d0c591df18c7d918cf4ca9adc6bd,250637
0xfb0d69b31844ece637e745f2b8ca943cec586b2e,250637
0x672d93a7b573e945c69659fd8a2b85ca391efae2,250637
0x0567d67105ae13d00b60a991e57b9cc83f05c083,250637
0x3088d3bfc7800b977e7316f288840fb74f7e6998,250637
0x9bc4edbd23ce2dbf076dcb524b93f3b85af8c7da,250637
0xf5df05620b1303a5dd00a8b3f3f2a32f0b05aee7,250637
0x4874403e162962636f0302c0b2368f84f6ed6619,250637
0xdbe78dec8de11aa9b12c05996bdd1f6d0db39e3f,250637
0xcf8e7573894cb97d2589efdaf04cf65b8ad94cd9,250637
0x0548f0702176239ef174d899627f040dd436a447,250637
0xa5d7897e2779f7e5c5be699d41a7b42f9ce0a5c2,250637
0xb64e3e0cc698ba8c24f2c64daeb78bc3c7955824,250637
0x64a521351c08de9224ae4bf4bfabe885d9090dc9,250637
0x443f7121e73cc7e52f442873c5609837150ebb85,250637
0x2f166c79772772c4bc1ad90eb3eb73bf12040322,250637
0x311beec89801116be9936a92c45283f68b27715c,250637
0x99013f9385c94dcd2d3ff3cb0a2d85515888ccce,250637
0x98aa594142b338fceef5fa876df6f3b475203cc6,250637
0x478f85b55031b1796e50fce4a6b15192e2bcdcd6,250637
0x4adfe3469390a79e53d002b30599d526d1a4c38d,250637
0xd0681250f59156cd08d9bf0f110168ddacb9b96b,250637
0xfa6be8e77e42b91a6eeb9f048c2f895842825ef7,250637
0x58b3fc3ea4381a68466e455a425aee7dfd777cd0,250637
0x74c017b5b8902c2e9ba237fe86ddadf5a1f7fece,250637
0x101618ef3f64a7b1a4ab6737a9a79e15cc433c8e,250637
0x66ff210c8447cc2c5ee87dc09db308b76984fc67,250637
0x2c454ed243041b97b5afebb5a2850e05a0262b88,250637
0xde38bebca0fdf1bae44826a9b3c0e5e32832b3ec,250637
0xcedfdf7444b9508e2be6671ec0d015037d6a7f62,250637
0x96b8a9f7a0d756da33e69790e6397f1b8b59fa1d,250637
0xeb175d6b2564f46175324717748ff58dfe8a0e8b,250637
0x367cb070536a9df8cdf81d241c0ee2f135f7ef28,250637
0xe8154e2987f1ee0f7f466628547dd054211900e4,250637
0x23066257ad6012a32911d4b6430d1b71b89036c5,250637
0x12312c4a853b35271ca23a47665667e27b843c31,250637
0x7e1ee6fbd56b93f09cd5028fedc2e7b574585088,250637
0x8a90e9decb493fd5521c4a8adb6dc385d14ca8ff,250637
0xd00f21fd3db8408e2e2881f91b01aed8b0690ce5,250637
0x014a2a99ae8833c7e155af3e254e47ba7fedc474,250637
0xa2b9fe04142c67966ffcc1418171c4ca57a7efd5,250637
0x6fc2f1044a3b9bb3e43a43ec8f840843ed753061,250637
0xd7a043ea8614c2089c5f3da44d189bb0b00c6c39,250637
0x2667f1379766a68b01f05eb4d4ea0e30ac9b0456,250637
0x31b415f5213d0c383d859e908c32882c807c4c32,250637
0x0f7825ca1fb359e3914b6ce61f370e776c8ca87a,250637
0x7cf7252b6f19e1563afeb4515d904831b56931dc,250637
0x4e2cc632afabab2bf0ba21f1e39ca26162439ab4,250637
0x1cc16f541f3632097750d88f834b0ac7fcb0f5ea,250637
0xa9bc2900651fe396d8012dd298669b75215ea36e,250637
0x82aa3651e7ada5b818faa14e3283d48c50c09616,250637
0x67e92b2a74db035a04046784f4be3b419cc249bc,250637
0xb06187f8350e5f0c7d3ff9bf64b5af996c15182f,250637
0x605c16b2c8145ab9524d7fe88c5cc2e97acba230,250637
0x7725c63405df6987c3615027e34a3bbc38fcd375,250637
0xeb6b293e9bb1d71240953c8306ad2c8ac523516a,250637
0xa29ad7cc2fe7ccd79805914c1a983aa3a0176d09,250637
0x81121696caf4d05ad0954ed8ab552534448f9d29,250637
0x140a7229d0c874587f39922b7c4910178d6cc308,250637
0xdb14e2a225a5b341985d5d4dc2a8c7df70b508fd,250637
0xb4875e677280818e374636fdf0f4d7e0cb245d14,250637
0x77c73a7340e86ebecb4f2ca6d389ee51342780fc,250637
0xf5a60c6f1d09ff4fff45925828c4f47fdbcb9bba,250637
0x213640fb2fcadb6f246937aa52021a6b2a6aaccf,250637
0x18d44e1c4d8044ee30fe06330835e29297ea99aa,250637
0xb4fdab581685a5f957059770241daf797e84b31a,250637
0x3426862cf088e733d62437ce9e29c73bca04eb9e,250637
0xeca00722ddd4a61f56290aeee9a057e6d5d90dd4,250637
0xe511e2923bf86953847e9cec4036de6975273086,250637
0x32f2d918be4b4112b90d48fa983463f69f8898eb,250637
0x5114cb98721992896cc800d0ea5b45841548ba4e,250637
0x02567d98dba79f6acf3798521fb517aa6f40a888,250637
0xadf5da1cc352963551efcca255054929eabd75e6,250637
0x048489d28a0d34682002c81e0db50ddd4fec43b9,250637
0x45993524e4a5ca1a3f4fcd28683e068d13b5f8e2,250637
0xc298df4231d8559ced345fdeb56cc8ef6d0a041e,250637
0x9095079a1e9d5d350f51de6afef82fb93dd80e5e,250637
0x84686dba5c3f5f798bad34a6614485824cb4cf21,250637
0x0865c2ee7b5efb44595b0340744f7b180d3993fa,250637
0x56c1ec442c503e68687e226a3401bcfd47e1a8e9,250637
0x6333bdcbfacf9e475ac528c89919b4e48639a905,250637
0xef15f4c1a77cbbc03842fb01cec10b44e8879923,250637
0x9c14b0163887e656281dfa37aebab16b5b512c7b,250637
0x0b291f934993f837b07760034353fbe321b8f2a2,250637
0x8700b87c2a053bde8cdc84d5078b4ae47c127feb,250637
0x1bdd05cc31d766606d8eef040d2c78a2ef2ed6ab,250637
0xd2002eab9aecea36ba85627ef3195dd19d269d06,250637
0xe87efa3295d55b72168dfdf7bb2f4b6dc774497f,250637
0x454ee605b0e070145fadfce49b072b029099078d,250637
0x4b10ea0431f0186fc89f421c9661192bb1bbea49,250637
0x650732695c1211f4262da7f24321a9ac5ca8f50b,250637
0xb30c415a850477bb86e16410cd30865470ef9165,250637
0x49494bfcb60f216a5a3989ea5733c553d7d62ac2,250637
0x0000e19ae6077e984be32666b8ec2632c7e8ce73,250637
0x9ebd9854baf300a350f68f752a2a92a6d2daa46f,250637
0x1691c9edd47a7681e2cc291d85072e8e83755242,250637
0x2cad047f4820a2a0a16787a0f3e16c605ae7613f,250637
0x150765a99c5e0cf58e56ea41e92d110e2747002c,250637
0x11e7471bbf3d3e322a70c59965fd83b934b53c71,250637
0x0226a83342a61ce7fd93af9277d182003bf0c57b,250637
0x810601ded372dddcb497d426d4e6d0db05978404,250637
0x12c27176826f2b3187d3489e4c2efef65154961a,250637
0x47e10033ddfc682e33a11002333f24cbad40c542,250637
0x5bfeb4ca066c9458842ac89b6e5cd983bd1a1034,250637
0x213e01723f75e39e2132696962e6d85665cb5bf7,250637
0xbaa96b95c1a5616bdeb874a8d1e85a3c56331dee,250637
0xf8aa45bcf1d983bbd827ed554f7156f6abc8cd7c,250637
0x660bdb575d8eaa91fa3e32e55d691a1b3ba525ae,250637
0x15ba0850a3b672f7416497c410e112679bf27019,250637
0x54372fd91473e0f6f8507a955cd45de9b9d740d5,250637
0x6d17b3f12059eb2ee0b1dccc79dad77bcba870dc,250637
0x3a34a12c82be42f7c2c45f4470514da97c91bf25,250637
