0x2f548cddaa33bfb5a5e6186c7908f6910cd7c6c4,250637
0x0378efddb293fb19917079946406e2922cfa6e94,250637
0x4b1c4c7233d86f7ff82b003f46a9663e6b4f4d2d,250637
0x62848a3ce5b88cafc84b7d7443b4fd1a6c27e8c4,250637
0x50a86eae34f8c9ccbc34368ced1521a3bd1d2e31,250637
0x74e8a09342fa00c7a4f1822255a9ec917fb521e6,250637
0x24de7cdccdb88110252fa31bf4a3f09c43975e37,250637
0x6723780b67cf363dc814997255a669c4c3914554,250637
0x35c6243b17bee3f841d6f615cbfa3792fc14845a,250637
0x552963a1bd43caa781f5fe5d3a30e06db2870304,250637
0xd8bcdc799eb1e65bfb759b3b800e2a70099c67e5,250637
0x8947295c0986c9d29d0e81dd9701c99a04431137,250637
0x6a6ec0144885064be62f235fec633590c029ef55,250637
0xee6692f0693db6e5dfeadbbf8e8f037a546c29a0,250637
0x969b349aa097fbae6bf02d7505ab51f3745fb51a,250637
0x5bda31491fac6e027df727661f91463666d6f863,250637
0xa11d7ad47c0113da685d12b1818bf00b47ae0682,250637
0x20dba77cf8a677c8f7e9bef7f7dd6f490517baff,250637
0xff0e98326c33f9eed283100e89563271b9eb2169,250637
0x3846146edfec62da1e83986a03a430373cf03fa9,250637
0x2e3d027e0fce185a9c58491b602766f7f80fd090,250637
0xb9fd124042dceef1b1f0abd171ad610c6c5c0d03,250637
0x91050f78df3dc49fd4acb32139f4deb2795db95b,250637
0x32672af0fc96532a223864f4971d782701cc3dde,250637
0xa5d9f8c1696ad2e6ee49c1ccd5f3cf90c1248a72,250637
0x3e656f8ba459503d026a1742a5d50abe1c9d121d,250637
0x436b5cc92734fcb565ff800e78a5875993d809ca,250637
0x3406c34c932b07bd5b8ed33268f6261d5d80aa7e,250637
0x81048aab5061dff3d25f87380e7f88fc7ba9e8e3,250637
0xf36f1d40b11bba720391cbc987e0eef03107242f,250637
0x5036f2199f0ed63ccfa8e6aa929516555e5a20f8,250637
0xdca0583aa443b6d6b8d3237ee56eeb751911b27a,250637
0x0482bf800af5eb3e3cdf89b37a60bef5248bc169,250637
0xe7a7761a08efe5111e6429322482bc0b5282c84b,250637
0xd7ae252c31bb9870cd17911bf2e529ccea9c5a49,250637
0x76a61f3f66b7f9b12b88e43d20aeb1a13ba00e59,250637
0x87164211da2d14d6bc64141af5ea435c548eb1c8,250637
0x28f2ba1057e774eeb533acbf36c6ccc50a85261a,250637
0x73664f040dab8ce9fa9a4d7081d8e87ba67c2c6c,250637
0x025d18088df38f70e77d5629b0853e8529f75da9,250637
0x7bd1f1607e2a227da58e9c05d9cd02c13c7e14b4,250637
0x5808dfdb4202ed1809c8769f3a0367abd2dae348,250637
0xd6e6ad03b1625a0d331e87957534208ccc63a0f2,250637
0x7d6cb835c0790a1155fd26e608b6171ccb24653f,250637
0xa7e9cd3abf111c898115626afcff980836e7f42f,250637
0x1a86a6990c658e3b3739987bdc9640eaf53ae9cf,250637
0x129ab8d44a53c20b870c724c851905c3c321c6fa,250637
0xe8a91c48fcae786a1bf8dcb1920faa82e57522ae,250637
0x673f800364c16f003bae94af162d594b28d2a7c8,250637
0x32242f84af0042fb7680752094661ab0c8abbd8f,250637
0x931cf64a4e5271383a90d57b05a938d48bae1ecb,250637
0x56d1f83eb4ccf449f2e3ae6b4c33555877c4d4f8,250637
0x49ed1b0a1e7b6e846e79f60cd9b5d51809750fef,250637
0x2f15a795382c6751192f57a4cca5d62605cae804,250637
0x2671f5992018f40eb8189a1f659c98ae31bfa095,250637
0xf2b51cc6b8da45a27f003e404ccd72f0736745ba,250637
0x645b02e9391a273134b2d6d0ade115e56093272c,250637
0x256549e05b782639ea75260776b755626d7ac2f5,250637
0xd42d3476902edf2f8933c98eae06fc7abbaca2d0,250637
0x18b4fa85b533f665fdb7088ee019abde3a476b3a,250637
0x3941f5c09f9fa00e1e87112b38911196fdfb2705,250637
0xda38c6768d95afdbc0b03a7501ca166dfbd7bfb3,250637
0x65c8da1ba8752a771fcfa837a9e922783de0ef73,250637
0x41793a6ab68feb8c589dfeb93bf3a51ae7313e32,250637
0xdefce286c56660c906353b0c21871d2f38582c78,250637
0xdb826b55dd0efb0ca2cc011e6656bb01de3645be,250637
0x8925513ee566ead11b3514e4e0b9d11ca2f1cc17,250637
0x57dacb737ea5f89e927ce049ce42b6eb25e3dafb,250637
0x4ddfbaba0a0ad5ed36620c21bb5763cf00b59e1e,250637
0x97fcbead602e59ad7849aaa4f2755bba65c57656,250637
0x54207693d68cd73ca16df30624076c9501d47512,250637
0x8df7b3f4cdcb211367c47cc691ff7402e01913bc,250637
0x9dce2c200ab48a08302f760059b38666477d27f0,250637
0x5dfc51b005896a9b55a40d25cd1bb85a2e30b28d,250637
0xf32b79a7733d5782e85d29416b741c301c9b830a,250637
0x8667c08169ebcbc7754432e2c26fb7673414b4e0,250637
0xd681cb8f66c307822958174e3bece9acb3b636f4,250637
0xd3638980f2e372890b84588ded23019209c005c2,250637
0xfdf4e9880501623392025ac549e120cb9383e60e,250637
0xa391a02714dc777c9c79e8c8883867adcd317f84,250637
0xb7cfc908119167022dafabe6a43b89ccb1fa1c0d,250637
0xbc5c1cd93076226c520f8add21928a9f3a1c987a,250637
0x41a97d6359f41bd59651e4c646cf379197da5549,250637
0x6a21b6351d032a019ff9ca7ee7f0a810206967cc,250637
0xa6469701e2904e859699cfc8c344665e5824a224,250637
0xa0b026b7f130d5860fef08e4bba0b5c1e959ce85,250637
0xb61a73ef44d887da4b233ec6c728a3ff0f695d3c,250637
0x09f9e7b744b0b762b129df4c97bb374cae8a1baa,250637
0xbafd716172d1d5a913eeaed85f7812bd76b4fcbb,250637
0x552d411e72ac8f450bb4cfe153625dcfdff0daba,250637
0xa9e001ecbd2ae5651020d00a1e069f7e41afdb47,250637
0xbdd8a8cab4b72f8d81eea92c6e9f459a2aa7f8c0,250637
0x104ac28e3e20cae607b7a461f5c71ce36e7cb586,250637
0x476ba4b96c7a61856887b4f0f9eb8a13b35bf068,250637
0x177dc4cc5b1d2059c3a0767957634ea7a8ba50a2,250637
0xd4f275994363a8f910cba35c77398bd0bf0c7b2b,250637
0x410fe9d780f2a7f0f54f3f17d36ada9e658f7283,250637
0x85ed566ade2b2a4e4102f4da892cbc8e49a65077,250637
0x59e55eddfb42a7a751aeb03670e9e226ab11f0a1,250637
0x3cd00fcd65a773b88cca9a9e1509eb2bace5e436,250637
0x4bbd3c4e52eb9efd6c6240751e3dfd3664904b9a,250637
0xac8ba6854c746de0ce9e0cc1e81ad44e7a743672,250637
0xa635bc7ba2140b59d565b4025a5e68522e919607,250637
0x5a5ead3d54fafb976033d1656792bd92071eebd1,250637
0xece9c3485e0f9aed4ce1636584b9957dffda9fe2,250637
0x15ec84c8f31ed4a3abc9fe786c28ce02a9a89c0f,250637
0x4fb89d4a1a5ebed3ad51f72ac359982c2fe4c31e,250637
0x7c4e027e361797fef3924f947d5481c545251d46,250637
0x1825b4f0114f33e0c19955f6cbf64d1073882278,250637
0xe43e6e2ea9775b769ab88d627ff17043aac9e1cf,250637
0x1c8e12d60a840eb7891b1e1fab45d38cad414aa7,250637
0x00b440be282757ad452801f73f0fda6ccc8b1c66,250637
0x9d55fef1b88dc4337d0f67c39320747231a101d0,250637
0xa1b1fc64b2ae774ad3a9cb200bae0aa322892467,250637
0xaf96cd42224cfb756f9382499f8a60ea89b88de2,250637
0xe9bbf2ed06949d7c2afc205e982a622dba65b732,250637
0x4d27464b45ba8266e69bd23de2f3fbb38488b75d,250637
0x21f64832793e62cd6798aaa794e1ef8d424eb562,250637
0xbc98fcdc59f74d3937178ab0ffc6291f16e800c0,250637
0x5d3745580fe4c4609ab13d7445f1263dfbff9d00,250637
0xa6cd30cbfc113eebf0a305ad3b8c5e3c1575bdd6,250637
0x3622819ca7669a8508933f63e1d0848aad3972e1,250637
0x48c8cb9f8a13071b36243911a339649e8559dde5,250637
0xc864daa11a889284b9e8e047dea000d43e7a868d,250637
0xebe3e7ae1c98cd08b6f8251d100ce0c531f4af91,250637
0xe9cc1aa058e1297bcdd5c30443bfca2880780940,250637
0x774139b0c9640df11b2c95e4f98ae092d973e76c,250637
0x02b2d6a3298a4b20aa4f7a0a57e920e9fc9ad864,250637
0x46aa47dac6975ffd97d6186d4d70bfb43e532baa,250637
0x1035ca20bf7164f27f2b49dec4cc575c60eba83b,250637
0xef917b9bee28918757406a6bfadad86ea148a3de,250637
0x18b8bddd6c4aa3276f8690251c581f8b3e2ffccb,250637
0x909f97c518bb60a65010a5907538778f2d77ee6c,250637
0x95cb45b322a4975b2621d13c2ee0f7e2e5267a5e,250637
0x1016eea49cc40524b7649f5dd9e46bc314c3c5ca,250637
0x4c40e3ada623a894be0e541d9e8007e6d8d5e1ca,250637
0x010f298dc6e0d7aa2e6c35f525839aebc13845e1,250637
0x8d5ed9e6de100fae165a05b8870b36585fed304a,250637
0x5a82e0c3c01a39543af5c2af0bc71e25fc021a5e,250637
0x19ff42a84270c5e45431e45e3f27a92f67e94d1e,250637
0x8c8e8bc1f4ffde503700626e1f4cc0a3ae332394,250637
0xd4cc871439d28f274df22e0d2b327a7cbf9a68a0,250637
0x13338b67efc26fcf2413f4eb6f2a665116415cba,250637
0x01e0d1b6d31be78b320f295136f2aeee0e65f761,250637
0x8835b65831af3059165d125aa1a6f44458fcbe3f,250637
0x8bf0936d4d0d10c2ab29f1347a78f45d252cf635,250637
0xb022c959c672118575b532841161be56989c7110,250637
0x6f61a1bd299a32e4e82b5e2b3da3a78a9cfc6b89,250637
0xbfcf6e9faaa861871acc80542f8f12e43251d98c,250637
0x9976e201307bc4773d3d7a253686d36413f0e3bf,250637
0x3ba0655cf0ff7f09ebd3dd5fad7b86b369263783,250637
0x2c41d75d8323424f89d5a795527ccba52f25e2b8,250637
0x9187d6146df5326da7c9d76c455532042aef49a5,250637
0xb00e0dc5486928b18328e8cd1a18ab1115259b74,250637
0xdf2794f6d882a50e2acf395da6afcf192ecbe657,250637
0x33fdb0b17fcc6faba0926d91b0ecbf1713287cf2,250637
0x860545ea9d6a7bb1d051ea1a061c37673984f82f,250637
0x59510c2abb784eb63040088cebf9b93001dc1244,250637
0x6416888bbccdbda4c6684ab411780d565e1e7371,250637
0xb1562cf116626b52c9902256a2df03dba08a3d58,250637
0x49dc1b78eb8cdaa0f885af9fbc8c302eff444883,250637
0x5ecd29447eb1541caa9d5dfc95918e5a692faa47,250637
0xd00c8367a409c000b4587b6ea5ca7786e9746cf6,250637
0x392fa612154ccadd6b3b34048d4de84a4e2e0d8f,250637
0x10eadf53855f73f722139485427e68da02de7f3a,250637
0x89228ed38a3f5ac46e7c66e6b7ec81b07b3c0a90,250637
0xb782d9ec5316f2aad6c8a95998512979319fefb9,250637
0x6ab49dafd545da4f0cdeeca8d25de636568e5f71,250637
0x3708afa13421e6efcfc9fefd3356c9823eb904e6,250637
0xc680d24ea655d45eae530082b63f379ff240d4f4,250637
0x780ef319c07310ec4ee20432d22c7e4100845375,250637
0xeab413c708e063db659a65d18c7f65d6ffab582f,250637
0x55b540f54118b407de2e33a18496305f959f68b8,250637
0xcacbb271abe02d15e9f728e1f4dd5448cf495041,250637
0xce4b385d4dc1803438bc8e1cd4dcddaf0ebd2c26,250637
0xcbf592a12f8399c7a45d96130208c3e2fc6da4fa,250637
0x7ba2f8a204f7bda9f045b6d7ad2b0c6bfc25d6f5,250637
0x3520b07bc5b225873102f3eccf86bebb9bf84c61,250637
0x1cec44779589f0bc8a225d6d8b504a959c935eb7,250637
0x6e6a61634dcd1ed7d8c7d1cf52c9cb83e54eea45,250637
0xb06d8059c9798971470cd704dcbd333cb39aaeff,250637
0x5536d06736bcd67597b78aabe11e631454e38936,250637
0x513d9660878e1f8a11fc5dbaa096bbc2a90e82b9,250637
0xde3faa27dd5daca77115e3af6a2077c111bb81a6,250637
0x0aeb5c97dba3ba1752cbe496376b8fc4f7d987b9,250637
0x94f50b94b9323d36e6b0f583f2d55bc46cefbf42,250637
0xe4fb2719926fb0a2891ecda3b01a93b181fcd9e8,250637
0x878bec29271191a6f73cd405dd67507a3d1726a0,250637
0x81c19565432507a8b621402aa28e4bf59ff705a3,250637
0xd4ae3c8f0fb1f685177824ae4770ea17c8710bbc,250637
0xe8234fe01139d921a4aa23164ba5e60eb9d1267b,250637
0x060bee13a75737dc1e7acc754ee7fd12c99e9179,250637
0x222f49e212c5f5bb6f8cce556dd76ecfe68e9f68,250637
0xd6a0a75e4f44038bbd9ec1dcc560f9fb5ace19aa,250637
0xb0b667ac91133709828cd174d9ef60a6194ba080,250637
0xf6c46bd99fa64ccf267405a94c484410c5ae27d4,250637
0xcdde08b6b248832984cd8abc87689b2245e911f9,250637
0x00f630965f882298219edbb1b96e0409ec6c8698,250637
0x853fec172d867a2cda940fc9b89deca5b94eac16,250637
