0x09566716532cdaf133693940be8808838920d47a,250637
0x945cb86d04c92f396578ebad009f56ed6f5a2ad7,250637
0xf63d7a9644014b425919527643ad29b317d9450d,250637
0x8a0ba098c376e331d6fe74875ce242c47d99a226,250637
0x2399ec053a1efcf8ea16c475a06c849673ca8f46,250637
0xd92994c84626c0ea4d36699e4a06065dc19005a6,250637
0xf41eaf49685497d422c1be1ba62cd25f52e87547,250637
0x0cc15573a8e7c5eeab83f3b296467d8c183cadd4,250637
0xf14d9a63eaa42bbb11875f5d0d6ecfb1134eee2f,250637
0xcebac4869edf0ba8d75deab264e3a4c5117aacd5,250637
0x1ab9a94b8b7966165a0b8405f86bb83e28e01ca9,250637
0x3bc3a258fc6dd9f6d3021a47b44706c656faa6da,250637
0x53dec5db7746be971f8a43e0aabf0c0b0881df62,250637
0xdae3e32876a6d9ae70b81047e3f3eef53030624f,250637
0x8b330549a876bcbc82b048ac768c2904ecd6fa0b,250637
0x2de78f2db332726bf6e45722a20e96118d3d2462,250637
0xc123011e6b9b72bed1c5888da1d107bea03f73a6,250637
0x0bb3689563e4d988df5e8cd37c0c702cc6492358,250637
0xb43d2b6215342cbdca4f846f0ad43cbfb22a346e,250637
0x811aeb28554a50abe9af2ad3ddd4a00a9e683c17,250637
0xc06d0867337d762242d1b0fe4cfc8130ac47711a,250637
0xd959586a383180f3f3eee97b1c44b560e28abfaf,250637
0xc9eae131858bb939e5117b283dc2ca70b0589fc0,250637
0x18daf2ddfa627692bd967dce2b7292191c518ee5,250637
0x4d9702a0e8f0dc03b1e66875727a8be1d4513e30,250637
0x47b41c3c9d87c8f11dcf572e6ce7b61d6c6a2c47,250637
0x79f3b82411f3cb09ae51f8654a5b3b416c5559a8,250637
0x36a283af0394c850821a9b8a60c27da64111e6df,250637
0xa3b973cc5575426b3feb3203021c045d1e13df90,250637
0x9c5289e1243a0cddaf40164e400d2350fd0e0c21,250637
0x6f65b46ea2d8da361116eea77f2ed005dc5f4980,250637
0xc60cdb73c69e10371717cedaf73660f1f14fd16c,250637
0x0d597db53490fa00e2ba26ab0cdc789c10c5741b,250637
0xec7cb5e13913ceeb5b5441524763ed7443b11f8e,250637
0x1c3946fcb95c5377b165981ff129aa3ff23c7f11,250637
0x3586f68aabc341db69de13c7db522c8d35683733,250637
0x9e49b7869a5014d6778dae92e27f2281041cc30d,250637
0x3ddf29faafaf8e3c48dfeff2b3ac58cacbb4b188,250637
0x3fae0345473c105be58702aea6f8e3dd06b234f2,250637
0x6153af8a8e05a1a2f7d090505965b53408f87310,250637
0xfd79cbf83268bfe7b1bc7b2788b20ce3798dac2e,250637
0x436d09fe706e93e785eebc169442088e67c6883c,250637
0x5ef86da9ed0fc7b54d0cd96b767f2891373718a5,250637
0x90445499cac8dcac15648d1be65855174da96308,250637
0xf492b28cf8d43b42ca0bee2205f53ba1001c3237,250637
0x9fbb514a3f998136a751875a24d4bd32bc452a65,250637
0x7f33dd98659f9968a2d77c64a6a38add3c49f014,250637
0xe9b84401342fdd77393c219687599417be1fa6cd,250637
0x3759d845e3b48e0214ec269110010d6e65697274,250637
0x10562b3ff6beb2b47a635d8d1484099e448ee220,250637
0xcc134dd6eaf3236b97a5b9796cfa2af154ba31b5,250637
0xaecf89718604b2edb5b7fbe6203448755b7d9525,250637
0x127fe2e7200305250749da00b5d64eb394347358,250637
0x7193a20cd4bbe3cfbbd5437cba6efb1a7056312d,250637
0x075f165a30ffeccfd6f4b03515027a6b452f0dd4,250637
0xba715566ebb933102651465b02e8dba50b29dd43,250637
0x9e027bc1bae517189285a207c69615d805670f7a,250637
0x05a299fff628d29da77335ca36e2675c8a5280ed,250637
0x25a6cda4f9a971d4d1ebbeb09e1ff695ab5eba59,250637
0x42e76556d4f91f9cb7be0983f7002b09cbb0cc92,250637
0x18c4feaab5e609358eac02dff362fbd516f6fb55,250637
0xb0c7e6d9439ee35914c387a84f406401515f2387,250637
0x27a32c7a4662731890bb6ff9b91bb1d44f2fc084,250637
0x438ee34be7c6deefbdf0afc21c0d5375b912e0d8,250637
0xa89a9184063cb88189916d78b08582bbce5b377e,250637
0x5cf3870ce4a79c792f721de5c73e62321c166370,250637
0x9fc6f2efafe3c1a02d88fe4998cf6cbf7ea0af95,250637
0x7cbd97df79db1bc7bfcb5537f219d3b6d9e084bd,250637
0xcd4b6a95cba22238fd78f9468dcca9914eb91a04,250637
0x8a4246084883b46b01646125d45760aa83d3aec9,250637
0x8a86e0cab09cccf68595ee6229e4530d22784317,250637
0x52573eb4b84e1a4c07e437e273388f55009d1ac1,250637
0x311774fbd99e681f203416f5c366d108481b4eb0,250637
0x077607bb019e04b2606f245b77b5571556ec3948,250637
0x8f6504b48c66eea4e9fbf64fe220e02f1cc4934e,250637
0xe6d4f8565b46f53cfd96e960909604f342933276,250637
0xa7fcebe962802f5086be0f39542698583255b15e,250637
0x87466e53328dd915964ddf7a32b587c57e8018c0,250637
0x2bba0a9c2f1777ddc462004abb1ad746c7766bee,250637
0xbf72d1cb2ab69249517eae8e54b8e9bf7f41ffa7,250637
0xdbbc9e4163cc6bc4bed4fbe171440c2a8699ce3d,250637
0xa75e9996e0578c8513164b65dc40b56d5db85964,250637
0x807cf26c716a68b8d4c5a82e31b7e0ef8b9f0130,250637
0x3c4423c38fa780fac320c8858f8f2c43ae50a51b,250637
0x50be13b54f3eebbe415d20250598d81280e56772,250637
0x4cf1c971e6cd50d7b4c748a0f5a092c6cbdd34d8,250637
0x2cb3338f518b2d61470b4d1d503bdc84c1a04ecd,250637
0x8f4674275db6747249586a936d032766a121a39b,250637
0x5c7cf42acd3824e142c4f061ee68d1b2348a5545,250637
0xabd866b6f116edb5188f5a651a273ad8403df0be,250637
0x82c5c6d83041e34b186582bf10128d66ba93003f,250637
0xa6ae7a2f459d5a282764bc5d3dd41a933a8772d2,250637
0x59d3f24990098325ae80af90dc06e5aff5e6356a,250637
0x8f70e4f3ebaf15d0546a9dfd1908b204cc52e844,250637
0x1fd253dc597f62afce14e4e5639fa0aed82a5518,250637
0xa1942e4ac14a6274614d5a82a5f438058d82a0fd,250637
0x527efe1ccc3b3d42781306d6cdd74a17d4bc5c02,250637
0x17b8da9746dbd6e364565a97d7027371bd2234e9,250637
0xafca747b067c40ae0dda3f170ae971a2cbf4d05c,250637
0x79faa870aeed938e04cee74edd865706d2e7c951,250637
0x125b70622bed9df059d204234a7c6ef7736ded13,250637
0xfa002b52433a68eed6ed254569110a294b5efb74,250637
0x260eb0ffcb01d9a117b57531997cd32f8b445aeb,250637
0x7f313d31ee31a5383ff9d483b205139c7d095c77,250637
0xf8e836f17857e4dc484c5220e319d28115ec86a0,250637
0xa3b6cefc43e6dca3f4380d5a5c5dce7071ed2bd6,250637
0xe52a543eeba5231cd326078e40958c5115264728,250637
0x052ad262bdb179670920173493b41aff2199a2c2,250637
0x7f66dbb7b93da69215062d6cbb599d6cc6e9aee6,250637
0xfff4479efacca27bdec8b72ed93fe7b8902353ff,250637
0xa0e921b0a82e37dd3f595344c0872ff8b13e93b2,250637
0x51445505b78c477a44e54a4805aa832dcabc7125,250637
0xa2e300817ce9de52f2724edf56032f015e9b6a1a,250637
0x6f46d90553141d464c000d76e41d0d5380fc0b23,250637
0xcc31ec020f8cd80e493d1c790cb75295dff4cf3d,250637
0x1aa1381c01cad97312b03e7085c4ab6c36861994,250637
0xac93d9d54c6ac726fbf84732cac67eda2582b850,250637
0x8affc72185342b9179f7ecbcd731a2ae9f9f228c,250637
0xf5a9e5649f6a5a48893f35382c2549bdf59784cd,250637
0x7ecff4281ee4e36dc1e497851125864cc713cd27,250637
0xf674ecf08d417ed5da7b0ab13fd0566893ff3b08,250637
0xf185e46356009f2ec0d5aedb1c64fd2d8c81fcbc,250637
0x0846d96b417f5199c919560b02a1bf0892583fd4,250637
0x61a13aabaef344594a92c0845e0a7547f075f19b,250637
0x302a6f5fe25bb739bd0857aab84eac2f41821c47,250637
0xcdbf93ca04f34d1a6f353de285e8182f33a498fd,250637
0xbc01ca5347828c3e4ba2e2d56219e1fef6a5b4c5,250637
0x215f59ffabddb5613f6b0a82300d68b870369fb8,250637
0xbb06067d8d3696597f9675e0e10a99badddeb995,250637
0x3e08ddb8dcd2ab68102a2290fdedc0cca375812e,250637
0xeab309f40486da1ad30211c6d006bc4e5d071c80,250637
0x9b22bafe31b80a3c63ee37190e4c967173294a65,250637
0x822ec855cc9f41b592622108e6f3565e976430c6,250637
0x11c2254143310e834640f0fdafd6e44516340e40,250637
0x70ece45cdc64a768f936ccb8ac851578251363e3,250637
0x0791e70ab70859db0434a0fcd5c86352b51777c0,250637
0xa35a48a2a309f7bc519d40305c9d290cf4db37f2,250637
0xa36686c1dc37d7a4191bfb36e4c7fd40a00dca89,250637
0x9a993cc3e239903d7b2c0c43aeea8fb65391ccdc,250637
0xef76cf033f7fee8a75c7b0458f138122b38c0b68,250637
0xc06c85beef659ef9971fe812fda8a7790a47bda3,250637
0xd29e4d7f20f39add56a3c070d7ba352b97c5783c,250637
0x87e791e6c3b94225b3130e2fe298fb51567f05ad,250637
0xc1aa4b110321de1db703ba01454994eb6194d4d6,250637
0xd7bc50086c59b382b8484048e3845d48e1982b5e,250637
0xcd1ba52c6fcc0b21f418fcb2c9d305fb7b9ba0be,250637
0xda4194cacaef9618b6ac2c90ff74ba2804b540c5,250637
0xc6e97963cc04beff0394f92fffeef6c50503e367,250637
0xcd2bf6794a240a0126356d1fe6cc1f6ace3cd64b,250637
0x73fb71642d9189cf8eb197ddeaa46ca962abf8fc,250637
0x3f873e3d9849254d501bacc89a4804fbf1b24d6a,250637
0x824395e6fe025e99858f7eca95ca3dae2803b802,250637
0x39eae7eb5fe8fbf22d00a9f440cf16a0990197ea,250637
0x5a7749f83b81b301cab5f48eb8516b986daef23d,250637
0x956ef353b36ffc3c34bb8d8107996453aa560098,250637
0x821c9656815228a2caac4314708d7a20e031d616,250637
0xf2de20332098bf0a4fac005925ac6627f39118da,250637
0x6dbf6c38a27ea9bc0ebeb57d33a09a438db681f5,250637
0xe8001353445e28ad76305c634557a0d09d58694b,250637
0xf690ea2d970b4bdc91763a9777ede121274210e4,250637
0x9ed40f89f2201af94d498b60d3420122c9962de4,250637
0x579cec7ed45876c75bdea68cbaa589137de79580,250637
0xf1fcffba10de3cd282baf4b6e49393ba03dd3be7,250637
0x350f66c15b22d34a00909c09ecf30a7be6f2bf3f,250637
0x83ab36a6560c94ac73d10e660dbed04596ec7782,250637
0x6960fc641fa85f306693a0c7fe7f6d22463725ee,250637
0x4b096abce002e4019db2e6bd583212648a55e2a6,250637
0x2c9096398b0d91d7295ad9e18d26f1e95e0f18e3,250637
0x083dfb623ae37c6dd7302ae9e4e33da62ae4d2a7,250637
0x82e133653e5069a61062b28795ef19a99a3d2c75,250637
0x077777f53544c2b2ef753c19e8fc048049c5ff95,250637
0x0cc901998f14e88b7669e7a01863acc8f64905f7,250637
0x444d8c45f0b889278b68eba40a8e51b2b5971e1f,250637
0x6479f7157f06e6610174b1029388b8d4193c00a0,250637
0x501c7a84d077f35885018c4328c15915ce5d9eeb,250637
0xdcd6b0b9c039a485ed5b1789a7829ab4d7fe05ce,250637
0xfbf4f544f26e85293e43d64375b82176847d198e,250637
0x3772acce889c91bd5728908a5719d537df9b37da,250637
0x5bcb19e354d0e59f7ec7393647f9317abae6f2b3,250637
0xf6b137075bdf7b8f169c79a5d4065a2ea4569c49,250637
0xa8287cefbf80c0fe480ddc1757c5dbab53b6e904,250637
0x4c500987d0a1229614e2e03045796ed33f9f473d,250637
0xa75c93e895dc2fb3b034bf4ac59cf85c4c99ae1f,250637
0x80b743baaf026a4e87bd92f3517eb875186ac281,250637
0x02f95f134c8e4eed62b6c3718270ccf6671782a3,250637
0x4907911cf8911510b89bc7147a25700b2d260f36,250637
0x6a5d1e60e24f2b7b775e5be430fdb2a1320c057c,250637
0x373cd5ac87e472ddbc2a044fb9e20d9fa36a5fdd,250637
0x42c3714e42115ef94fd1e9ca26e66f8b0df6a91f,250637
0x9be89aa1857e2567aa899142dbcc2a4e67212b2c,250637
0x2c2dbfee5c237de97db1e284e734d80af90f71fd,250637
0x73329c2737007a1b43ba19d501b10afe5580f3fa,250637
0x1521a41240c40cf441cc68dd7e0eed06e3dc72ff,250637
0x17357b1002ab1804657885a60a3d9b114c79019e,250637
0xac2b5067a9bf31429d6819cf5b995642c398abd0,250637
0xcc6fbf71feefbe60eb7efd1634dada65d8ab2dc9,250637
0xf0aae929ef8ebb9aaf15e47b9aca7ea4a4877c7f,250637
0x7821da4f804f4cbfa5ce1d88a0cddf33c4acdff6,250637
0xbac0d5dadd4538b3089aa642dcab3fbf412afc6e,250637
