0xc0941fd0ae89b4081b6519c7af25867c9c262cb3,250637
0xf70cf42dcc97af7718f28a06b334424fa481bba5,250637
0xfd72ab7cd4f429bc601f7ec7cfc2849a0e893daf,250637
0xbae9604237474dfac4f57762c42773dbefdf9e72,250637
0x8e1169fc7394aabd6253439cc584703041bab21a,250637
0xc97a60e07b77e3a4ce81ba2280a767c4062e52ea,250637
0x67a7e4215d82ddb4de17494cfa9af6a95ba6abe3,250637
0xcc9376c7b8b038a19800e8eaaa8218fff78ef297,250637
0x33ec0f55c7e27b8be1f6be7136129dab6288a4bd,250637
0xbf2bab8425215b99171103550c6b41e6bd04111b,250637
0xb93b359ea68c2a2ae5ca5459e2d24a0c49fd002a,250637
0x210367f6fbb316fc24674ab5c36666edac3e6187,250637
0x775a84f5ba177b58c45073a52483f2478aab841a,250637
0x0cba69f5c445dabdcda1dc6b1ee7932b5d1f28d4,250637
0xe02573548114609f73e4df4bc26ace30bc20c568,250637
0xfa3f12fc9a4d1d62436944749a9e57650e7ceeaa,250637
0x39e114ba3bd25f30987ddeaea4291c01eb76bb71,250637
0x189e3b2d7f480cc2eaf6f53086a4fb295bf81296,250637
0x94917dcb933218ea16c49150ae10b1d7b407685d,250637
0xb93dcc5a4964dad9626b505f95ddd77a8614bce5,250637
0xbad3bf0e52b5d3f91bdcacc5cfa94a97cb9aaad3,250637
0xdfdb5cbd8e033d6af092648905de738a1e639579,250637
0x10f15bfd4590164b055bb6753839c31dd6b86180,250637
0x4446455c43090e1f7c66a4c369511800ee164791,250637
0x1fdf89dd0eba85603cbde7f9f5ce5d830ffc7643,250637
0x8f053b1c35ea69fdaf71f4a54f4223d001f40247,250637
0x603008a86ed00cf9cdd78860059c3684754bea2f,250637
0x3aaf71f2fc85aba631403bc881c7074fcc3b96d0,250637
0x5414d08228b4dbc4e9193ecd1ad97225dfe8ebfe,250637
0xc2758a478054263a46f040717490a41866eeeea0,250637
0x192236315c078ee3438c5687d9dec61d3c3711b3,250637
0x32cabfe6e405fec5f341845b0f9ef72cf942324d,250637
0xc718be5d8c74612fc83839d48bcc296e76224054,250637
0x3f013188f5741d7b5d0ab40836a23ce4cafac674,250637
0x3d326ecffe0b3c73e40cb8eb38cb3498d586fcf9,250637
0xf27c270523805853fd1db3ce367675e632b7d9ea,250637
0x453e590f7efc294ce69217a764c46c692d57ec2b,250637
0x8b5cfd6de0b133e87138ca565685280231c9f33e,250637
0xfd63dea5d523216b25997dcea086a0d93c16f2d6,250637
0x00353ff2713752012c849ce82bb790cbfad86ac3,250637
0x85c3b194e2d4bd89d10fe1e175b209898f8858f5,250637
0x8b3638493e78ff4d245311422bc40d8a3aa6a451,250637
0xb919d011f64be68617f265b2b7448c9b19b682e3,250637
0xc7381648b8a3cc45772be5e3e3b91be0b21e161c,250637
0x593a8cf560f4627a880e27440a14403320ee55e5,250637
0x97b805eba82a4788deca24c24f58c2283179ba29,250637
0xd38efca1677ab516c8a4cb2844fc3dfe989011c5,250637
0x177bfd8a61fe652988d584f4d9b5829cbb015337,250637
0x27184d64d2e8108cf0503c15a30b6e6ba14c5910,250637
0x5d3a1342629c2c2aa97dab63b059a09e265685a7,250637
0xc9641d188312732ad76ef46a2be520fdcdd68d9f,250637
0xa1232cbfab74ca9ca88c8ea2d2b9b7b893b50c61,250637
0x98eff5deee2e0a9205423f2f796ec88d1d99b2d9,250637
0xf71c344689fe36fec2947c62a58aaecfd1a61dbf,250637
0xb577dacea2c9255fbb1d6951959ed2236afc096f,250637
0x70126449185690d57f8a49b4e1b9251bab644102,250637
0x9623f08518f35b1604b6ebdcd6fa2ab6f3585991,250637
0x533c27d0b35bc48a91d6a696be3f3cb36f50fa9c,250637
0x64bf7a7b25a5b15c1572aaf464204a8a528123f4,250637
0x54d356b8594d3af3317a86f11f426833bf3f039d,250637
0xb4dc05713b90a574ceb8ccd13be18c12ae4d1f99,250637
0x647cda3d11872472640bb8590725fb115c352bd5,250637
0xe92686d2fb5d16e482342819b2da754eaabdc75f,250637
0x3706fc3b608485b906f7b43c82c883e6b3d23a22,250637
0x685e094d56e7d8133fcfb0155e4502d2ecceb31a,250637
0x8a871161a0482d2c4abf6d70451befabde054eaa,250637
0x906716447c8b8f9071635944a92992fdffbec43e,250637
0x550e9d0bec094ce4d5654675d6527218ec972830,250637
0x584759c6f8f6c0e390824dc47ed6e445ae9e9e19,250637
0x0e2ac757ccc3b4d89bdd666c670235d05aa0bd05,250637
0x9b0b3aa80f6699f3ed33ec8f2bb96b2ad6d490a1,250637
0xe9f108e8bc05f544e31eedc095c3f4179b4b142b,250637
0xc7f354b172e53c0dffa8db17b028f634cd2efcbf,250637
0x51323f142afbe3e9518f2e4780c774446a8a572f,250637
0x86db498da4aacfa67f4a980064bc36bc5c630a34,250637
0xebf22f6ac2bdd152ac1984d09631945cab2b751f,250637
0xbba11f4e5f2dcb61a6e464dd99e2736a19fe923e,250637
0x402a3dc85647bf3ce0a7faf177311687d8b872ca,250637
0xebe36f960a1bd5c395d62bb7e268660a61309e93,250637
0xd844ccc50c2d4bedc508d44a52e23eaa0d257437,250637
0x4fede5b9fe63fb2a2f17bb92faa02310b51ae5b3,250637
0x995004bb11d30b2080fc861d0ae5043ece71ac2a,250637
0xeb9935ec6d97c1d911402dba7f661bda950355b0,250637
0xd57081460c59a646ef3bec85a2bd65bd061de530,250637
0xa89e9898dfadfb29551f688abb9fdebfc7c178e8,250637
0x1fbd9cb81cc50c4090f284733cfd3a9758b077b4,250637
0x5935ef55c70b26b7952a80ac171105f9666babc9,250637
0x41728765acb49c0f94c434c286ab6518cb94bcdb,250637
0x3376254c8c1f725e0fede8767689b8c054c187eb,250637
0x30407170e12f31340dc3d4c6fb8e8f231218b562,250637
0xa5f2fc5f7a2c91b5e404db67fecf11735224a203,250637
0xa4942b518edd88b34474148e7cd9fd661daeec26,250637
0x3607dac6420e9e2fd1b38ebd490084f0c04de64c,250637
0x1825f9f6b161632665a8be9b95500afbc46eeba5,250637
0x7d130437c8ac2f7c8e1a021ea16853b3854e72fa,250637
0xc7dc78f2ec635df5cd7f502d6c82a4eae80e35cb,250637
0xcb90dd8a79be00ca9ab62284978cf881c2899346,250637
0xd6289414f02b5fa32400d6d75fd38f7800acd50a,250637
0x6e9078a3773a5035a710709901c41e1d9131db6a,250637
0xa8ae119ff831960d4acb5fe74ea0551e875f788b,250637
0xd7769a7f3808282838b48a86a4c13353e35b15b3,250637
0x5e8a26de5bd17f49e36ce3de7ece7330f0e7d42c,250637
0x4fe67f2947caedf5a02b30d37d98fa26896016b9,250637
0x57dbcabea77242d2c7b51d639715a24cfc1db6ad,250637
0xd2f390fec52bcd8ca74afc106732b02d5da349c8,250637
0x66c3959b636bea1a86e3133de6c23df342c5c4c3,250637
0x764ccc835d44a5f52ac5d6212ffce7cb419c262b,250637
0x02cbb71121ef40db47e1419406f2f57538f29e94,250637
0x05195d226451d7510b9aa3b4e12de35a624c306a,250637
0xd0c2bb561b794c8304f566f409e282ec121e67a0,250637
0xf6f1eaff303cd4ca34deba81ec598b0b10003d41,250637
0x56d7f91d7c4af6e62c3a5c3a9219392ca8f4f835,250637
0x08049da7e7cfefea6f6925429f8966fa8174a473,250637
0xf8e9a3e9b4054d1ae3eee530c1b558885cdc6d9f,250637
0xc32d0741826b1f5b7e41bf2e922935ead964c02e,250637
0x4d9a5247dd5929dad22df9b3e345fec7f3e30de6,250637
0xc57b2900f3ab9b9bd4ffcdb8174cd7665d0da8bc,250637
0x2fe12b1558af79b2122be84e079dcc0145cd18f7,250637
0x1e2a1259eeef8642152dd69aaaf97138603b16b9,250637
0xb6218ed3763b5f0e65aac362259adb0c73f33570,250637
0x1225ab9c0404b9b2b5957a602db8080ac703fe76,250637
0x65c0d2496c7a6b2b9a60340a0cb7942bf62bf943,250637
0xa95a3e6104f877c291c203fa7eb2ffdf5b2cf445,250637
0xfd43c24d642c0092038e7632ee91b5dcb258c5cf,250637
0x401de65b47d2b90d24233df6684aae5395fddc75,250637
0x42f521e6a0deb14ea030c4e4f72331a8a04439c7,250637
0xe1b52f6ca7fe3ec54614f22a0878ce3342a39898,250637
0x6e97f68301dae152cfaec924198f178872602d08,250637
0x770e03a11bf9f60d16f578241a4548575aeb3b1a,250637
0x47442f387724c434603567be77ee79ac927cd84a,250637
0x602983d3bbe122e5785f746c7af6b86e9c45977a,250637
0x213253e31216989199c3e1a86755acf82ecfb211,250637
0x94a3f761a05c4dce96e0b0195e8634c22a5e22fa,250637
0x990094940300b973a400a53f454f5104e4b20122,250637
0xbb3dd4c2165f2559de3f5eeba7569c0d60730c77,250637
0xfc7561d052a4943630204f583fbf0bdabf798b36,250637
0x1010595f96ab62b31bfeac411ec5f8f60db5dc23,250637
0x81077dea57decabfbbeb8648adca22d42d106c8c,250637
0x6a46963c901222e5ca2b558dc133c93b4f14499b,250637
0x9d5fbae107bb4597422ce087172d5501ac615e92,250637
0x089195a905c8d11a22c977aee408d8a694bcdf18,250637
0x517e079c68323d0f569dcd8eb25dfc360f3a53ac,250637
0x392a9515b45a5276dee3454731044d5406e7ad24,250637
0x01b2e570731e66bd571493cf711749d6a83bd458,250637
0xd9399a84313c17fa7e4cd42eb67bd7ee9d6b6fb3,250637
0xc74fe643cb0a42f93ba085afdd5a5e77cb2b540a,250637
0xee73b7891d1a070f485d249adc56643d1e75c34c,250637
0x28f720427ddc093b6979244f4635e0eb9dc6c89e,250637
0xe1268b49d3e4e559f466239df4bee1d5cae04356,250637
0x9337a9c93a43b4aea78ee9dfafe93e5118c79451,250637
0x2a8e6a695441752325f4dba04203bdd95bdb967b,250637
0x3f65f964bd7000dc5a8795766e1859f68180231d,250637
0xae6c2d43372ca4e590670c49b72a823d4739528b,250637
0x82c09f179a66edd7991fcde842c93fc2842a0830,250637
0x1279c420d8f3a82fffa0cb97babea090f16d5eeb,250637
0x00706360b6900da9daac9dda8913cd7ffec504dc,250637
0x47f882a155209f55d280eb36577c100a74dd32a1,250637
0x1257fcd239cc104d19eb668ac358ac4284d24eaa,250637
0x3acacda217921e3e8ed9031ceeebfa88ae9d0344,250637
0x5e6684c5e5a5b1ee161dc2ab4f3bde5a8a7cb2bc,250637
0xaf661962fa50fe0a5a1b0eb4f6485f6547de710a,250637
0x660677e325090767efae070d66d9b8a9d0aa24c0,250637
0x51916cf87cbeaf92e8c47948d4354c0f17d40fe0,250637
0xca09d690a8e1ab29dca8f1f90bf7dc5f73568081,250637
0x87ae3929744864734cd009ad3be47d97fccb54d5,250637
0xe45b252b674d9d2adeb7db833fb4d8f080fa399f,250637
0x017af4481e13023209f6c15f6cfdefff3c695534,250637
0x24a1777a4eaadc611fcc66ba7fbc61ee764172a1,250637
0xdbb857aa54c7a8dd29e73eef7edcbe6b757f9160,250637
0x8418a464f0f51c958d1b57a5fb88d1a9896e8232,250637
0x98388ef43e07be2009793f424a4f82a1c40ac9f0,250637
0x1622f8e2596a1cabcc2345c80f282898044bf74e,250637
0x56978deb97cab229b86816d572aa35f2598aa560,250637
0xa9251c24ebb3f0d534e0965a36e0535084d14068,250637
0x55c8821e632eeb65ca124bab472a3654c03587a9,250637
0xe36ececb266eb25cc3c4db11302d6b05a4a75d3e,250637
0x35886e28b3845a3a1063bbbdec1068e9fb85804a,250637
0xee7840dac7c3ec2ccde49517fd3952e349997ab5,250637
0x26e9e6be1a3f89a3bfb5f01005524929b5075357,250637
0x1bd330dd2cd274166b9eec79ea7a8a0faa729889,250637
0x561057ef619d033e5eb69a0ab70fed30c4a39d00,250637
0xf96b5ff95c512922a4997eda728e68c6d22b45e5,250637
0xb558cac71cc204d6edbd28d377ac3cf1f00c8f7f,250637
0x38c37cdd992112c2bdb70fe6bc460beb288af27a,250637
0x07ada10e3f319fa335da3b0095a482dd5acda92c,250637
0x96c2a8e9437de19215121b7137650ec6a032df5b,250637
0x1eb2b9d3566da877335cae8befd0f44752bc9e8b,250637
0x2725712a94a5cc92cc670560306f21dec0e720d4,250637
0xbaf8d7703ecf0f366f1988781fe4e924dbb1a090,250637
0xc7cab956b68d527d26250d799dee752499025c94,250637
0x2dc3e229b2cd1c09da32b6e41cb6768aea526e2a,250637
0x56ddb802d2860c9d7d467eb1990b42b23394b08d,250637
0xfbdb2751b2550a5cbc525c8f2f6b98d56faf2779,250637
0x0016d303d6a79b7cde1419f971f7f73a36777a22,250637
0x64c5beaed6213af491c7b5f22fe29bf1860688c4,250637
0xa7e97c92ec27d726974183533d4dd24f23072ffa,250637
0x1efed205caede27da1135cd37a4192861a51100e,250637
0x354ddeba429d9e43ec1438af5319b2158ad36afd,250637
0x14ab7ae4fa2820be8bc32044fe5279b56ccbcc34,250637
