0xf0871e20331a6b27492a07168a5d6b9195548b95,250637
0x7d93d0306a80dc149f62417e95c26769b4829062,250637
0x6957185c47290702e8da26b15922a2407456fd4a,250637
0x82d73f9d6e332a68a15328eed4aca50b256a7bf9,250637
0x4521fec0161ccccbf35ea180cdc6e0172b91e112,250637
0x775a6471cfa7c372222602ea643a81fad1975123,250637
0x8a2955000ac4123b1bbd608c02c903ed9896eb04,250637
0xc20641c05e9e9436756aff19219bfa1111f1d914,250637
0x478781ce7e2d8b6d7c9d95992a8951f0c250b043,250637
0x7e316a67d478a7457117104d6a41747723567f86,250637
0x5a555abf8e23f57f5caf9dc8c28a8e3f806f1dee,250637
0x631581d221ca5201c7259a6f1191e91592767886,250637
0xaa8275e732d985ca939e11a6106e5884a903b33b,250637
0x222fe95a180a7f533c9bd1407c5f0bb71929ca47,250637
0x9b7ebd9e8b2041f77463613ae81597f175f3b5c8,250637
0x541f26609ecf7c636f8915a34daf42fa693c9547,250637
0x4b1dfa625946dd18f76a7f7a8e8739a9b514a661,250637
0xa2b48daa83b6768170cb7719292370387abce640,250637
0x2a0a7a71aefa93487fe2fca91a49aa43ab88e84c,250637
0x050c70525a03bf4070319b91c10a9aeda4f62bb9,250637
0x6a2b5fddfafcb42e54782902d4cf0b778c7d6293,250637
0xd7cb004b2b474f5fb77fbfd4446c942a201a65d9,250637
0x98dd35a0cc8200f6b20ca1e65522685c3841209a,250637
0xd7bde78a60517995705f67104e0b8b679da4854f,250637
0x6761eaecc0a74c0c5fa2824ff09da5ee11afdd63,250637
0xe47e486aa4f4efc9803c232cf1ca2b8f2d330119,250637
0xff320beb8900b3790d20039f29c5a4910b8f20ac,250637
0xee1c12f07207eb8f1512208a624abf1f4e72466d,250637
0x5a7a84266b4e3f4be3eb5c0338f876531e7908f9,250637
0x0e598c3c880bddbcbc3e95660992c7ab9f3bed06,250637
0xd4023abbdc2d5b124356f937ce2d3143423ab471,250637
0x27090b2b93c38ba7544c5706531196bcc95cbf3d,250637
0xf87ed573c51879f7cbb8989bfd5b4c8899816e14,250637
0x9a3b9d5fc9f6557a9cf048923095835855dfa617,250637
0x5ab0fa1480d98f8a20c641ddc2396bad0f6c659d,250637
0xf413ce472694b5b0f7572d60b4b3862fdeb0f7d9,250637
0xe6f58b8dbf53c9b2e09e510f2f90df6c65e84143,250637
0x56245d191456c884e07a9d881fb04b2f698a67c4,250637
0xe0d2f3c5e5f1ee0ca8112060f7182324a4a4cc68,250637
0x0626a89aa3f52e6fc4d13481eab72b07a5039365,250637
0xd9d772183e83178bc1b41a2da82b926f49a5b3a3,250637
0x27a5c2f0793789ac2bf3d7cdf40d68124eb0b780,250637
0x1b61ca6c1c783657083f1cfe70aa99e4a3d49a43,250637
0x53ab75190b5b29509b21dbec09b221e065820f18,250637
0xc72a676c63daf567a788b384554c7d81cd75264f,250637
0x22ac3e6f42c08370ff127b74f77e1645f2ec0aee,250637
0x4a136cb5748b105c3754556c2d0181cace550b96,250637
0xf13ab393a41b57670bc59217a474f2a6570b2ced,250637
0x44f466edd0314c86b8720cc55d6e98c51f315b76,250637
0x76339fe78acb4a51c3a2c7c5ab2401a0f7942294,250637
0x9209c345198a6162b7414625232bfe9b9a2964ea,250637
0x1e15db08fc44c4f0be2037900a985e0db605c987,250637
0x2f56a14b3d07b1a94fb30b42ee5e129965c094a3,250637
0x9da9cc7ee28991979fca56530579c0e365f17c9a,250637
0x039f8b387e204c1878ea52a18f384a9c4906850a,250637
0x484e251d6652ca05555eb413bb84b20752df663f,250637
0x49b28719739e3ccf5a35ef54d7fc9c154053426d,250637
0x539aaac9524b5306459c5fb7159dcaf79b2c1f19,250637
0xbdf6ecac0f34daaddc50a03719d85868a9a102a7,250637
0xb5e31fe6bfc8418a990d96b4cada0d1606e059ef,250637
0xa51ec6a2144fb0e2f99f551b0d4eb935786ac289,250637
0xc18e16f600e370663e6474b2821138c06d0a4ef0,250637
0x7ee9907948a13774edf11237b5b2250e656f4511,250637
0x8576433397eff1fb19a7ceb6a865413148d44a7c,250637
0x901630fc0109766e45392a1edaab97e813bd20ef,250637
0x404f41b23dc7f9b32b362f369770c80951c217b0,250637
0x5359bd6e69bd165cdae480d448875c9e756a4793,250637
0x3629f01e28a761c2b9b8910c5417292f394ca290,250637
0xb3b8f3a8fff89414f8c97fe864b0196f128bdc3b,250637
0xd75b56f3b2a6ed4ef77ee70f74d615bc2b9171fe,250637
0x605ffb84a5e16e201a3d70a7268dbac6aee67176,250637
0xf5b7ab68234779a6a17504fd4f48717de6b502de,250637
0x387db3a7315181a0702307df50264154c940623e,250637
0xdf79f990fc591d49cd5f15d13a598e2cfaf373b3,250637
0x58b852c5470efbea995dcb355a685a5e599a5167,250637
0x7f91cb778697e35b625087c21788b3908f94830a,250637
0x5c3f19bf477cc165b1f654aa44d02ced3f3a20ea,250637
0xb11242c36cdfaeef91637ab50ee5c9b8276d1c5d,250637
0xeea9868b72ded6d1b70f78cf1911c3b4208d02d5,250637
0x785ddbd69e6d99297c66c178b9d90f0d0696fd0a,250637
0x4918da8c27912458d70b3de58c70d83d602f5739,250637
0x3761b06ad9856cde6c4be07b9035afe9de65b2b8,250637
0xa1897596e49ed5f2c4decd032edee62f56604f6d,250637
0xfc97f44107198277dd80ff6d75e0f0a382feb69c,250637
0x41abaaa9b6f4c5e0f0457f74ae33591982452cf6,250637
0x6f3d755f8f84f97205fedb1f09ee7a913c5836fe,250637
0x4f11c905b71557d05675c916474fbf684b057d08,250637
0x2843984e66f3a273bc7bad4fba559b36f849dd5e,250637
0x843a27011f06100af6361f7eb732288724c57f5d,250637
0xe83a9653615ca759f897155c768a16c16dcad44e,250637
0xfed493c96f83e37365a74906dd50db6b0e84a679,250637
0x5b23265170bb319e19504ab280edab4262401213,250637
0x9c6532efa96aace5c4ce2c864a67da790f20ea26,250637
0xa4a1dff53bc5c2bb5f90f22ecf94676bbaefae6c,250637
0x96cc7b18568befc581c21eaf737c8754644a1d62,250637
0xabbeba480605a34824c9370cc82b60a58018b6b6,250637
0x227ac8edea441639c6079741048a8f74e46681e6,250637
0x9113fcb1809df5912b652a5126820ea45aa2544b,250637
0x3b90b41c8e8720454d02459527d2c549fa022f4b,250637
0xbc179266f159f5bcac5cfcc1d61f92f892cf689a,250637
0x3cbfff883ad2bc637ff5c655916c9874debcc2b7,250637
0x1ee10052d63f6a98d2a883bfc5eb8b4c82253137,250637
0x9edc8bf493aee9171b0969d74890c6221cb1204b,250637
0xf110abbf80343c29abbf51d33c1533c8e0e20762,250637
0xaa46da2ccdb02438b35c318995441e31ff906d03,250637
0x8858b48fb3ca85a06a90af8b15985dbb7d1f6f75,250637
0x32097c41854022f84a54cf7b604f7cb43cab9dfc,250637
0x84ef1ce598fc0cd4c1a0910e0b1d7e69002a99ac,250637
0x2da904ab52ebb6791cbc721d823c18a6cdce8f7d,250637
0xf94e2af3c56a687bfff6f4f589ddb0392b24f367,250637
0x7cf5d07b22b17bcde643ba67f3acb377945e4c6f,250637
0xe0d646eee310a7775f0f129c4af284751572c453,250637
0x6a50adf3846df65dc68bf8d292681f5dffd26d89,250637
0x6c3422c995df3df697204f78de42ff7ede8baa6f,250637
0x493faee2e2c9ca106fbd80ecbac7d32302238994,250637
0xe9cadc1c1e169849667ab757393742c20dcd87c4,250637
0x538b7b2dfa01f3447e10e4723b0537632a6183e5,250637
0x6b43d58665dd426965a6fb97b645295176e4bab8,250637
0x483596f8570a36f59201ad8d867e546647e7beb7,250637
0xee77a9b377099aa2bd8852a88c8c520d412df6f6,250637
0xddaae418d21c87c3a3b0c0d14b025d52e294c7b6,250637
0x8d0f6b9ec6193f87240c88c398d6529f73f00bad,250637
0xcf1168f9fd45eea20ee23c9e2cab5582d992b7c7,250637
0x6150714eabef7c40f8af573e64c98f22a709cb57,250637
0x7cafebff37db457e598c7b3926127f2d4ac8eea5,250637
0x4ffbd71126f086dc5f5bc3de89fe730511e7f20a,250637
0x0fb376a997ef66429d97246506b46f891ba852ad,250637
0x33bf47600a6b7ec1f80c81ab7dbbca75c5a6659e,250637
0x5b6e6c6a3e81bd6cd6f261c67243e87d7b54da0e,250637
0x21b56c0038c145beb36501aab96e375a6150e951,250637
0xbb49608791baf2a0fcaf0fed8f52bdd432d7f325,250637
0x5eb47096d5321d8b7437441363e4526e9e1e62cc,250637
0x7ec73b22aee5b2b29ce9ccbc77cbd07fe82195b4,250637
0xd172f4584ce13c983ae731019040885f57ac25be,250637
0x347777e5dbe8928854607db097cb83db5728576c,250637
0xdc6123a790acbb1a1dccc86c3fd340aba44f3406,250637
0x5611a56ada14589fdbe0dd835bc1b5e252d3b2e3,250637
0xf7beed2f9d52c9bf861b906c124ffb2d39ef1b12,250637
0x85af2e1e578b5667a26e613020a2bb5102c17298,250637
0xa2a824176509933bc84c964f4b85938cb6afb80a,250637
0xaf5fbfc3005f51f8e860aac6ef6b393978e0213e,250637
0x51c39a3420965a2f1ebf1d65a9d3c651a9033094,250637
0xab31887cf9d225f1ed06e933dc589397e2462592,250637
0x011e9455dfb36736f5c6e6cf8e75eaf4b3b54713,250637
0x39ef321e060aa0e3668e0c57631f9c3fe0ef7cb8,250637
0x8d92b085483ffe505cd7d5b57c0d714d4714e770,250637
0xd5b46705ccaea650f8aff7d7002e22814ba4c5a8,250637
0xc5fbaa036a501a7d7fbc982116a14097659ee43b,250637
0x6b94fd5235d3ec8cfdb797810b805df5961db224,250637
0xf93adf763b56a2b3c14e00e16be1674738d34b98,250637
0xc51046b157003cf3de8bc1d21221ef7550a80964,250637
0x386d24961048a42a4e1e89f61cf4ad45cb889d55,250637
0x0a663d6883dae8400369a77c31a4d94c902635f8,250637
0x3ba846e84ea619ffde0078be305a4d008c1ada76,250637
0x078cc7b9a4ece962bc8d4f9636896453f7fcee74,250637
0xa991560b29600e84729a9d649b31584591fc786c,250637
0xa47980d9fdf2f248a3d0818f7aeecb6172678a15,250637
0x1756bc014efe9582111fd134df03b526272a8344,250637
0xc44bb6815cf21476c8f56c7f4e6459eb271f44a7,250637
0x842609398170214a7d4b464997608ccd2d5abe28,250637
0x90f2dcf68fda93833df3f74346afb2095b7e057b,250637
0x1b5094287aee0a9625a71ab00727ac3ced4bef45,250637
0xde455b0108b3a7c761d0379b3728e1c929ed4e9c,250637
0x10f498578abbec54008021d94cc47dd6c9a650ed,250637
0xa8da31b16c71e0a99007ba8b005f8faa226c7fdb,250637
0xf267da21c00497868c0d8bcc1784c2ce85c37108,250637
0x8e18f104d8d1a25828c84f4d2cf8791043a45b0f,250637
0x3e0b04a033b98dd9aa64e633e192ffea017b705f,250637
0xcfc8b36cd83d680c0faa306342d9986fe524bb24,250637
0x13aeab2000f60bb6e398bb4e4c22d89fe788a758,250637
0xc38ab0ec4551b21033d993dbe600480404ae4269,250637
0x3c15da19e9b40edd4d5308f3656fa30552fd7f55,250637
0xe3fd61aca6f193cc761a58fa354efac0c62d0988,250637
0xff51b1d60e2c306e1b284243a34fab0686e6f0fd,250637
0x163e132960bcd5f533618fd5732fa107c588dbf9,250637
0x10fe461a45e28d64d1c57f7d572d7b9760e2cfed,250637
0xedc7fa94b85a9df180a6b6708ecfb505924ae481,250637
0xbec1fe8a8fbba260c192a9cc974b7a9bc0f0da2f,250637
0xfcdd29f2c75e354f911b8bb4e9d236c759fe2d98,250637
0x79c9f88e9e38010710612f53c7e68fe24cda6fe3,250637
0xbb5b04fce87e6ac8822c50ddb140c36f457d129d,250637
0xf5b6a0d478a118d1ffa1be3287ac3e7475e72bba,250637
0x056892066fbc57395e5b7663346448449dd38c58,250637
0x7205f585206b8618cf4d431fe09be309c40b595d,250637
0x1dad036dc7104474f53f59fb352805ae4384a090,250637
0x23f6090f94d395b0d8514437c6dbcdde4b46032d,250637
0x1691e9f1134e4f39eda07a0c34c63933d9c5ca17,250637
0x295791da0ddea5c36c29eb472dba9a5be0fb1edb,250637
0x5a0faa11e72a5d45c3c211b7184f59629b504ea1,250637
0x2db3bd7b892fc56197de4057b3ac3a4725b4a8af,250637
0xfe97437abcbb1c5dfb0339486edcb4fc05f0a7c2,250637
0x10f455ebbb885cec93a979ee1955f9a81576a0bf,250637
0x9a009ae763ddca068d9afa143e066d6b427fddf3,250637
0x17b32ff89126dfd2a08602a0ae5ee3d93b5ced50,250637
0xb375503eb79fcf57d8767056db2b0e3eb583beed,250637
0x8729a0d2342f30b822c84817235fc7f09558c9ad,250637
0x7178551b668b9538fe7c5fa350669c01d04f1ea0,250637
0xc50ee05f7f0641e0c0a89d9968bcdd4eb9d01265,250637
0x797fd563b3049c7edbe6123e58df4910730e3d1f,250637
