0x5ecd553108dd47a9f40e7f08b650cb83ca950348,250637
0xd5a589b294b4a1687554faf18572640e6024efe4,250637
0x10a8c85e5645856e8a53c5b68813bae14b4469db,250637
0x4c4ae926a706349fd16700b4f368a4a0cd4a67e4,250637
0x0cf015cb68494963d49cbc18da8bff3eaacc1693,250637
0x261ea25c628db22245eea559afdde44b6d289493,250637
0xcaeb73aa284bff865745f3a83408ff1d701d4eb2,250637
0xd20e1ad727f546e89ba07fb781d559f2e420be24,250637
0x3926f5278d78ebb5ced39efce11c4c77804e177f,250637
0xb8246c48a35c68c3ffed06576f42ec0e30a30ade,250637
0xa172cc581cf335022bb2911e03b4ce708f733243,250637
0xb8ac952dcdfd1e77222213ae508ad8864dc391b4,250637
0x6abd04a4c6907f40f16f82c5797f127b0e635d37,250637
0x83940b371bcae5d38c311196c5073bf2891887df,250637
0xe638cb3fa853622b2824cbdab3c27b06e8049651,250637
0x07e967d8ebf36d2b9baf53ef015a01f23c96a9b5,250637
0xfb664ad1d33c29b5381f59363c9ab97d4a54ca43,250637
0x287dadd93523acb80d40279ab4b05e19795f7e4d,250637
0xe7925d190aea9279400cd9a005e33ceb9389cc2b,250637
0xb15ad5028555448829043feb94048ac5a0b77969,250637
0x2499bdf18e33eb830bcf0d1c1e47b7e0cca07071,250637
0xaa364c1a348f9517009207a1601e0a73c1cd530b,250637
0x81443726c6d39da35c97de788405c7e152f542d1,250637
0xae5d5ace10c600f7671268bcb4bfbd1918c2ce2d,250637
0xdd1256d5c133f21be2a7c981fc83c8cb0f66e286,250637
0xb9eb79e3e735ee636255dd8d65872a1287744e33,250637
0x4c775fcde221a18c82499ca73058e3055373ffb6,250637
0xfed80092e94d6b9d4a33a5b2a2791ecc86036fd0,250637
0xe22ea5b777f20ffb64e1516661ace5c4e9a1f23d,250637
0x46d5f548e02fdee3ea7e4168b7cf896429fe6fe7,250637
0x87cdc3ce69be56beabee1c4ece133a8dce7298da,250637
0x16e8eb1c8716a7f2a93ea3421c46dcfff55443ef,250637
0xb77729e9c00a508351bd81f01657eb2dbac247ea,250637
0xb8a0323ab239857c7f044e61b5cd7e208496cbdd,250637
0x988d736cdaf88a324e02fb72e79d144d36e9aa9a,250637
0xa5dfffdd3b1527df61c0267778d0a28534e15cb2,250637
0x2dc4b51733d7962d7536593ff62f51b32e5b92c2,250637
0x5adfe61ed32956820cee996023467cfcfb932e06,250637
0xccb07550b67f850412e1fb95a7d33b236415b141,250637
0x635f4e09c9606dc0418e4c3f282ea2324164ed30,250637
0x1ad100e8be129e5d4c0409eaae0d4c71c2798d7e,250637
0x61063c1b254928d58bc43f34fa0325c329dd885b,250637
0x26ac82354da272664e7319327fcda8ab651996d0,250637
0x96a77560146501eaeb5e6d5b7d8dd1ed23defa23,250637
0xbbe6d178d6e11189b46ff4a9f034ab198c2e8a0f,250637
0xc94e65a6d6c145b6a0342da9b5e8dc3928505857,250637
0x760b4b875135731bc8fc8e4e6b71b00d24585e80,250637
0xa8bb854acb565ce294c850e90a34f97cbb169db7,250637
0x3b93e189eaac85a53e223d60b0dc5fba2ddfd8c4,250637
0x70ddda43d4f616263b1db0ec672cbd8795db13b1,250637
0x7b0a824f6f518a206bc4376d9d6bf6f2332b585f,250637
0xa7bf14c0f57da4238ffe896e3ac2306b9758066d,250637
0x426ca3db419f91b4785c3342ea533fb2419a5ec9,250637
0x5dde19008bd540c3e2c8a3a3d8fd64e38b1e95dd,250637
0x19c35ba199fe892215449219ba6e6603bf747da1,250637
0x9cf9ee08b1044d05acfa1b0b171ff03125bee23b,250637
0x6207b67fa0e67aa5196b3d2466adabf548053520,250637
0x1e9349b9595a45c10f8a1da4d35ee249001033d4,250637
0xb9b3cb213b47658d2d5658a14aacf19b26c2b0e4,250637
0x38b2bac6431604dffec17a1e6adc649a9ea0efba,250637
0x02fa7a777f9ed1ccaf12762d1e0e07252c35df2f,250637
0x9e1b88c7dceb7ebba673321a11f6b4de32e5bebd,250637
0xb270c422e3757463e58d1a1b423d91935ef85dcc,250637
0x7a8ba143f8866242782e5b3a5ad1410bb6722206,250637
0x7492ccae08691bf96e63d1eb5439cabce39e5897,250637
0x7269846c48b14b0bf39d9cf8f504aa3741747132,250637
0x4cd3008b2e96d3028fcbb64c79bf19e242ee17d4,250637
0xf0462fdb41eb037ca184391d674b9c1f11bd14a2,250637
0xa46cf2db18eaa7f3ebec2fc08798494ccb82bda0,250637
0x8a20a9cd1ce3c40c997345a3fe15f76a500e2d36,250637
0x3a06c84f9a9df34733d443d7a2765a11fbfacb76,250637
0xd663712098d4343ab98762d0baec34dfe5feedb7,250637
0x59102d064e14fa7b0676cdd935a0905175d223bb,250637
0x2531b2ff6a7f08c6ab12c29d1b394788f819deb1,250637
0x37116597944f5c9aa5920f52e372819ef4e70ece,250637
0xceea299d63fdd2d05b4406918a1bdeb429a24316,250637
0x0cecec677ede19d64896a023d205f1ceebfa7503,250637
0x959501edcaf465934af4215c814b6b4a35a055a3,250637
0x07495c950aeb695ba0f9aa29a738cd9140644a79,250637
0xa83b9c304330ad0c879e420675c2f9e26256963d,250637
0x056b3c9c7d3cc8b45002d82eb8ea4fc359432854,250637
0x99fba19112f221d0b44c9c22241f5e6b2db715f6,250637
0xdfa7fd502787e3585563c15c8c2d86c24e3d4f8d,250637
0xb06d8059c9798971470cd704dcbd333cb39aaeff,250637
0x14b8e5b39070558c5aed55b5bd48be6e8bd888d6,250637
0xe9394b62455797531776c3765994820ee0de9dd8,250637
0x55ebbd5fc9939ffb1d6d6506c143c6dbe0f5d9fd,250637
0x764fda82758cd6e02af4c40ed5dcb8f827b6b531,250637
0xe1bb99fa82a4eae7263eadcab5be266d187df6be,250637
0xfd68cb3702ab50184fabb6a5b3886baa414a9cfb,250637
0x88adfc5eba1195d163e8d5c90fddee4b0d436af4,250637
0x2b12c2ca3b396d56cc900949cf3378eaeddad2ad,250637
0x6d34927441c4a238a84f9f54a47d67cc3d55f575,250637
0xdb012b7486716f1b8410e2317543ebb501bad8bb,250637
0xb3b6001154e0327cdf22f0865d2c7a26cbbb64bc,250637
0x598dc7c10e56b93d027fe90263ba829f41fa3e84,250637
0xe288348b4929585605741c88385fa6b695796e12,250637
0xa417521be8ace23369fb09d7555b9343360b33ca,250637
0xc8ecfd349c348e3cc8bf39a9466f8ca58e996d80,250637
0xf4c9fc64ed902b08c3397c48dca0342bdfd49a32,250637
0xaf8955ee7a816893f9ebc4a74b010f079df086e2,250637
0x4cfec81930d87c0ec2d38a4819d05a756756d85b,250637
0x009ae2d1a7240cfc89095fab06ed24f1641d9169,250637
0xdedf90ee150c04835b8d97253cf78946b236b3de,250637
0x6e5bc96949f7b156c6be749d2455abbb0ac868e2,250637
0x1db3942224723165f5b21080d00d9d281f77e950,250637
0x64171c5ae2848cec2cd92dde571f12a363f0b916,250637
0x240e719a179ba9520a00c6d3af22bba10d8a77e9,250637
0x1358155a15930f89ebc787a34eb4ccfd9720bc62,250637
0x6326293421073a941a0ed8080de174b4cd249e24,250637
0xa2a9e59f701f9989203af9b2c99e290ce2df99c5,250637
0x60a42d45a82c33d43ce13e76b1d49ce4fafbc319,250637
0x3e95fef1176acf5e5d2ef67d9c856e4ecac73e1f,250637
0x51d6daeada55bae27a447e34f149e6d4ec147cf9,250637
0x0453bef3490d4e4cbb01ec94737b75bbc051c750,250637
0x0e9fe448573d0286be60ad7c39822d6639a30dd4,250637
0x68f9026e27528db9ea22ba3edf4794dbb913a5e1,250637
0x33fc2be5563e3c02a3e127f01bbd71db472aa613,250637
0x56a446775119db55a11a84820491a1a2836806d0,250637
0xe57371b2f20620d79f2d3fe1354f6cd15f0a9a5f,250637
0xb318839f35c9585071c96cbaed6313eac06b6cb5,250637
0x53ea003958665b3f9e4d5bda0a02f1d8ccddf092,250637
0x295e8fbe2853da5b3c2136360dcb072672e90e1b,250637
0xae532b421de4b69da15560374d415003278ed084,250637
0x0534a381d68d84bd828b33123e2a335536b20661,250637
0xd7a4fcd99f0f5676c09728dd9f846faeb6e72f8e,250637
0x925d83b19b0501ef6fe322af78d17a0a25dbabf5,250637
0x94ba4812cb63144f6ac9cd46bc62f4e9425e9135,250637
0x52fce1d3ba96ee7d3ef9325344bddaf541a93175,250637
0x420e0cfbd90444ae9e2e00817c5e3f50916e4f0c,250637
0xc210086f4caea1dcbca5941e2535d34952f2813f,250637
0xeca46f55f2fb4461777669f99f8dc64a7867d7ec,250637
0xe1c16e2278b5ed608eed8ce226594f51b52cc485,250637
0x5268c4c7a1b396b703cdfc7f4c0a375ef5b1e24c,250637
0x0d8005dc289094030b9c5f0d942e0ff6372f590f,250637
0x65b0372572ecd9f9eaf75b7832e752ba93d0c2e4,250637
0xe38eb765efe56956871ded9581bb4cf5905d88c8,250637
0xef33cc60448377fd5302d9644fc34b4478490685,250637
0x1d2757e7b628981ec185e31bf419c61294e0660a,250637
0xfdd81d13ab6bcd9c8e5c73fe2bcf1392865f2cb0,250637
0x760edd62a1510a0aa3079b1e1a961584d6b108d5,250637
0xa7f20aee96b7e0f3fe970a61c5fb302b36c00f89,250637
0x5dad2933f2b0171018d3bb8ed8dd57fd792699bf,250637
0x92b741a705d469cde5c476de43ee1727ed822931,250637
0x6025beb3b7012fd932b005a4dda7a0b786fda0db,250637
0xce2aaace56780d0b3e62fd3e3a43d396e4e01041,250637
0xcd0bb834babf6e71ae97301ac3ae805af0b53828,250637
0xf29254f67ff43fa331656d76af1ac229d10bdb2c,250637
0x49e25a1f8d673725065d2d0fc431af1dbd38f23f,250637
0x98397a068d413d3c92a506f98c5f25d33a9dac14,250637
0x09168ac6691bc2a23b9fe8ef0155b84958eaf7d6,250637
0xfbd39c29dbbbe1f3e563e2a8233262c29040efef,250637
0x691f6dd7af02be49189549d5841c5ccb3b623bea,250637
0xa046da2c54336d474bcdd1c6b384c7b07259a5d5,250637
0x32a6f3de4d2610ec943b6c20ac3341b30dc18d23,250637
0xd095e0f8c72e22319846b643c4bac0cac1f67006,250637
0xc3f6b6c4309ba9a9887216dbebf39fac78406696,250637
0x6ffef823867d698ec6a2784e4a194d725289ef18,250637
0x847c944f5b9b38f0c5331580cea67a7f1ec17388,250637
0x938dcc2e5f8025fb4467b2b5fda21e99237fd30e,250637
0x401ed132bca4c7817dbc908d87b0b49d26c27110,250637
0x242e2d70d3adc00a9ef23ced6e88811fcefca788,250637
0x794dc051db2a8b8dedf62b9025801347f0a35ac7,250637
0xa75c9890caee194fb598cdf7b84c9610e6e21a12,250637
0x6f713fd42f173b163a9fbbcdbe6b26c7dbd6b2a2,250637
0x19affe80f823954f7c4d41e84625e46fec5d4e6d,250637
0xff8b754c64e9a8473bd6e1118d0eac67f0a8ae27,250637
0x65d0afcfcd1a542dcddacdc39075703f5c0155ab,250637
0x1341df844780b66af4ccc98ae0f34be87eabe1d5,250637
0x652968c8e951709997418eb6b22b7f2f8e99fdfa,250637
0x6e2f9f4e09288b7c87c48df9f72d51beee1f8e00,250637
0xa9ce598b9286acecf2e495d663faa611256910f1,250637
0x99bee8eac14813405e266cba0bf80f2de5b0e452,250637
0xc383eca4e6d5112b45ab13d691539911e4493ebe,250637
0x685ed0f777e04c9e755f670ac740b5b159a425b0,250637
0x8d9004e297950cac958729153fd7bb707d691338,250637
0xec630b46dbdded6afa4946980661441733f71aef,250637
0x72a28eb9c4d72f7863a27fe402488980dfc43375,250637
0x969d53a68324116141eb492dce08a3fcc817fe4f,250637
0xb20ae0d220840ea1dd827ae3c80242237ac46111,250637
0x01efb116e71f18e560605c775c3d7cc2f483370d,250637
0x0a9467117eb9fd597604306b61bdce6d450bc90c,250637
0x255b973b3d0b714213d03af4e6ff5b6cb4d63bd6,250637
0x537eb430cc376d3bb3092aed432c6b7826473fae,250637
0xdd533709126596254b0de00c34ca01b0c82a7ad6,250637
0x6b2ab62a9a0d2315b24680f4f21b98d12a097d05,250637
0x589ffbbda0eacd5a9c2ba208b379c886b2630503,250637
0x3b2b95d16bc9a16b399773c70c4328081ec8fda6,250637
0x188548ffefe9f0b2803d96063dc12b85deb7f67c,250637
0xd75bc1f1ad15c029c949bcc2c4338cbe8817c181,250637
0x131b0d75e4a60a5d5e9ac0af304da64b16fe5d28,250637
0xfbdf8af52334991ed22f2a64ea6cab348f04a611,250637
0x29230533c9144538352437bdcaa78c45db758a45,250637
0x0143407701c6b760b9cc5d52d7a529aa57c323b3,250637
0x25faec3fe6ee4a1a9f7cd5cd8c2e14e9c9e46470,250637
0xfd4c9717331a211e7ec66825bdb3d7e11a401d68,250637
0x8c8e5aa1fb134544a5de0134a95195fe8939b6da,250637
0xb4446ed7dfa54c237a59919b08646ae8201ab054,250637
0xfe93551627047d9fa722214f35156c3a04a2dca7,250637
