0xb8b76243c0a168b3280122a4b74055b8157852cc,250637
0xef2527edbaf95d0339aeb046ac3e42413ccc1cfc,250637
0x27614fa68ab561babb3061e5b2e445da1baec479,250637
0xb80d7fd861e8f53ad6a6fb9ef0845fa9bdb86ccc,250637
0x0b1d6e68e2c30b2f123b43d52f4d8222eb2d808f,250637
0xc1b1d39f176a8099d2668e4c66f88067e8c017b7,250637
0xd8881d87a26acf837a12e80d39bae9fc95d7597f,250637
0x3d3ca0504754ee3d0d65dbcea84917329a2d28d9,250637
0xb58d72a6ae307ac9d879e42df34e7ef9b4b48716,250637
0x07eb2175714e30d7e99733ad52686a291a492f94,250637
0x23f6b1169bc419ce5ba2f3a05a2caaa2d1963636,250637
0x8abff66d5fbdd6f5a8c1e84f7d3230156602d389,250637
0x38cfb83cd748285bc1e948ac6c15f6e87bbc9317,250637
0x8c4c0017c733fdedfec07989840abafe4f0480c6,250637
0x4854a4aa6b072a7a111e5386a80e7e35fe96692e,250637
0x53907c98bebff53e5b1624daa97f18fc6d9de5a6,250637
0xac27ef97191a4f4eac99abc0170866a2b28677bb,250637
0xcb4b0c3636c266293494c3f7893317af31712ac2,250637
0x863523b8073cdbfc67d78bf10758e3350ee87b2f,250637
0xfdf2bb3b7531a0fa3fe830792ec4d0f451b48299,250637
0x97679c88cba1d2b71f5c7842f943cd77fcef46da,250637
0xc317b591dfd423c689b509048fe01a90a1920c99,250637
0xbda2eebf2a23afb442b0472dac8a92541a64943d,250637
0x06ebb3f2460321aad9f2c60214cae2f5ff7a4a16,250637
0x5b60c756bfdcfe6dbc7325b499276c7eeeb77aee,250637
0xd8384b086ccd4d6d3dd402b731abaab1502d54bf,250637
0x9b1fd111e23000d82e7d3ffe0d47314c4476b972,250637
0x810311f5bb210c3f0593cb85b22085d7aeea714d,250637
0x99ce5d5e223ffb9047595d0762649eaf14b109d9,250637
0x660227f52a2edd5a2cabeba87e13af067efff217,250637
0x366be915296ba172f6e4cb1495c144279b8cda73,250637
0xb58183fde91831b0cc6d4b98a4c3a158594afcff,250637
0x1f7bc28efc56d2375530df45f6d0f8e4a90d5bb4,250637
0xbbeb88f82ffd08b154b1e946e44e97c9b7c925ee,250637
0xf30b8d32bb452a5c3f9762d227f09f199b44ba90,250637
0x36af191db0e6bcef289263aea35fb8e8e0aac587,250637
0xb9e2d07098fbcbb1cdec4b7b526bbc9dc7b04adf,250637
0xc6e1eaaf4d4f3cb815491c4fe3aa839e18a5e092,250637
0xf9dbb0a18d4ecdb1693c8ff73b15ee8a9049f54c,250637
0xda4d89df3d44d0e08a3a4df5a85235302b745dc6,250637
0x2af318a5405980d09ae2cabf3b19e4a8d6a898ac,250637
0x73744c5cbc2ce58e632291e08a393fe6a8d18ee2,250637
0x44291a2bd8548dd60424715eb4d425b0194010fb,250637
0x7e4776931f2d67d6a82837d72299171ab6d2cb9a,250637
0x5dd8fe4bc40398e7ec9971d1f74ba30a9181d95d,250637
0x0849a13088cc136c28f9a015f70378c9faf35902,250637
0x1944fc3dc48a60ca57c6116bfa4004ed9416ee9c,250637
0xbbb94b7449924ef6bb2bcaf306b2e7bd92c2eae7,250637
0x56a76c522d2747a9f3dd6f62814f995171b5b54a,250637
0x65cf961f258d6a1fe3b9ebd1c9752a3e36614ed4,250637
0x07ecffe518901ec491742c2790f3f2a2499fe91c,250637
0x2b79d77d5091accff2bb401fa1a7c3a26a4d1a01,250637
0xd2ca0c641f4743dd921d9a4de2e77e663d230c0a,250637
0x611dc05b66b02b484ae3104ca53daa8fb7ac1095,250637
0x2d543bae3e38748d8f6d7000a8970911398c038c,250637
0x6174b802a824100991a31d042ddfb007a901c369,250637
0x6b4d25bcb4b1134f6ccec73c82ec8d31f66b796d,250637
0x1d246a5b81f998fe152f8b760f63e7b366c6dc79,250637
0x93ea0d5856bd617c9ae44589a6de1d9cb1b0da1a,250637
0x6abc0675666008046a8f07945dcded3b8e126778,250637
0x38602c95f9299990aee3446bceefbbe2247d9b82,250637
0x47a75ad0303a23cf280738124e9d2db4d53e7dff,250637
0x3fad51f29e3b74ff9a036deb1eb8422e3a6faa80,250637
0x425fdc3a656b51869417fa79c2b66219f6476bce,250637
0xbf5c257e9d0f22acbeb0e5ec934bfe764066aff6,250637
0xd0084e7a3d4fd97642e45655aecb3504e6705189,250637
0xa08428996a80e98744e08400976568dc46dfeaf6,250637
0xdee7fb76d2b11d7b79a8b5061100f666f8ba9edd,250637
0xc033073c191220af24b61cfd7d65d665e2fce484,250637
0xdd97848d6b726e0baab957850fa26792ca51dd64,250637
0x66f72f5dd89dbe3b9cdffd1c280c6bbf882bfeec,250637
0x46574565bc2f1134b29462a8ebda1d656a2eb86e,250637
0xc4253f76ca854271c16074f2753bc0fac713b30a,250637
0x9932e2e6f917935ffc7425f58de6b02ecaceeaf6,250637
0x18a934215a0ff8bdcb92e87a513551d4622b5256,250637
0xd64155fde81e271a58a13d282c1705a8021233c2,250637
0xd76c2a3403ef041ca24e5cd7ff7d03218fed19b2,250637
0xdca8993ab92c9d3e7a139db51dc8ff4cd964ec4d,250637
0x4121fc10844f6621a4512cb35672db27a78ab8d2,250637
0x243b5be03e1debc459799eed69f596867d18b0d9,250637
0x4a2fa42c86f76a970e6a42d9c29b5526085ff87c,250637
0x21cb73e42626d79889fa3718ff9d1d722cdb35ac,250637
0x3f7a8c876a60e8c4c9179a005602432adf0423ea,250637
0x7e3f9eef30340cd18552eba09434806e11add1c8,250637
0x85b6ebe30191291612d489d56d60ffae8fcc477a,250637
0xa39709a504a496d9988f9fb95c1860d1755f18ca,250637
0x2e1bc644d16447d39f1e43dd8c207af7c1bce59d,250637
0x90586c58d9f257a5ce5da580bfbdc7f241cdfbc6,250637
0x8b13b0fdea2db3e9d2a21297f7e663ae8ed93578,250637
0xfee81706d11de2dfd7c17c3974610747205e954d,250637
0xc9627e564fe879cc2bfba44da4198f5b8c605c5b,250637
0x4216526c9dbf65189929d4d279e8b7204d1a3383,250637
0x9f63646fbfe36312724ce04acf031d19dc5342e5,250637
0x52e23457b52674da1d52b3220855c5d6d664d5a1,250637
0x7c94785f0cbbe4db32de9975b3b8ef77a8d70397,250637
0x66b9e9abaeab22d381a32e03c55dcfdd883301dc,250637
0xf3be872d977e8132805f02e1d4f61753a3cb028f,250637
0xfa7f57dc1f4c09a05929e81ae60bb43413de52f8,250637
0xac89af7101e86c576393df8d3263f94f04fa6f52,250637
0x1712596ad9c84f042f46b421e5127f59159ca694,250637
0xfea73443b1173a3198f79a459adfbf442a1283ea,250637
0xa963df55b326609a0cd205e85ca92d2a3c94dab5,250637
0x17c4dbe58b85377a2012b5f373a57c223b33b40c,250637
0xd784e0c2a104685b6e66924c2c2aa723cefb9514,250637
0x77777d91c0b8ec9984a05302e4ef041dccf77fee,250637
0x47d017d384432a09e41d8c915440ea5ce0b8d60a,250637
0x2b73dfe4183169fbb07887ecec04531520127753,250637
0x55c19f3fd203530258eef931f9601702a1a23daf,250637
0x62d57fc8b47b4cacc550bc7c1db4f5c386766b78,250637
0x4e1f26834817af26e2b887fde4b074b5515fa2a3,250637
0x469542510da19a3122835c78e58915e17a99e799,250637
0x172d6d9a75fbdd933d0a67e2c89379921a910f91,250637
0x42157ea24019ea5615735b45af10ebb0352b5e28,250637
0x7259a003dc6f3308cbcad8969c1cbb1006934627,250637
0x8564f301eb0f4e5ff0de89ac752545200806a070,250637
0xdedffe2aafed0a96a16928b0f118e57ab196603d,250637
0x7c0eeb6aa88521cfb1b2aeadb58a2db7a07680d5,250637
0xf004fa399db81be804edac59f1ea74d7b6d7000d,250637
0xa25023eee03897bae5aa799557704c376f942c57,250637
0x554cf76e73cb660efabaa033b1ddf76b218fa4c6,250637
0xea09bdab70d2b00700e798adebeb9b0796280321,250637
0x61dfce7d6d934fdf555d1fe559f35831cb350acd,250637
0x9cc573d3b638ba2c40c5908b64764d0c6cf95966,250637
0x663a2d0b77349bd5cd2e94a8307971690f28964b,250637
0x7c80372d64a3af1135fd1939e5960288cdf570d4,250637
0xecc86835cc5a7ad1b11e3a7ecc5def13214c0378,250637
0xc12487a202cbe1f29d1359e411ce2bd62dd0cdaf,250637
0xfa91b470390709822f1406ec8a3ac23ea653960c,250637
0x4de484be8d252ae5c31510bad3124b68cf16dd8b,250637
0x4130d9c537bb5a6eb47e2f23fbc78f307cab95e1,250637
0x7c3c35146a43cda74805dcd185160175e4aec05f,250637
0x6a8f1a4f256eaf375b682ea790c0975d22ec59b9,250637
0x1693b67eaf7a94825f23dd30b1fc0ac70c598dc3,250637
0x862d8f919bb282b63301fdf775c403cd2a9fe9e8,250637
0x3905ab3c066738ba171d0930096515e532aa2d7b,250637
0x377f92a00462b7ff48edc234f136e8bafb0a03bc,250637
0x99d53bf50f98af6d5b16aa1d6c0821fc5d0933d0,250637
0x621eda9a980fe96d344e6d88053349c9b13fc84d,250637
0x61af2c79270391da7f22056be8fc5ac9aa3980c7,250637
0x16665a02a5f6252127b1eef4adaf7e19e32ccb02,250637
0x712ba3a5aa1e07af1b9cffc53348145ee338dcf2,250637
0xa772dbd4f8c261d583112f2ce77e349a7f951d3f,250637
0xf8dc6546d681a71bfe3dcd4e0a095760a47924a7,250637
0x34147c4545a5af8433925d046b450e4a5236fb96,250637
0x0d0b4e9fc96c520721c4cca64d9173c87dd234f4,250637
0x862797c3035676341eddfb25a2a63db272240c29,250637
0x7854163b1b0d24e77dca702b97b5cc33e0f83dcb,250637
0x0e5b77f720d7dd7f2ade202e3069ff5942b13ce9,250637
0xc8bcb7b476911c40f28c66a40cd4087d1ec625b2,250637
0xd31d56252110fa85ceaab39ae54aea8beac1dff9,250637
0x140d095f22d894e40311fd0efd11c37a487a4a02,250637
0xd25598cbd0be7ea51c57329b6b93de16765a985c,250637
0x0ce96d512a91cc7d1976843b9f5d146a7f64bb82,250637
0xcdab99b0edfa7b070dab7f1a764450d0d37d758f,250637
0x74011b834ea9d485ddd770f41fc62b7995046158,250637
0x918449287d878c6fdbebe8a41a65806d909ddd32,250637
0x60c3a61ff3e3a86f4c10090ce5e11440227add4c,250637
0x746e55f5930b0fb9ef1c6863b41a7eaab6c8aa95,250637
0xae4d2be81df4fa59226446968c6b9c097fc9d2b7,250637
0x1d58328205429d39ce21a13dcd3feb73180c9b20,250637
0x22df77d3fb1d685f527263a34674ad2a0b8062fa,250637
0x167d879eac2faea87282307d2a5c675fbb9e620b,250637
0xd573d186a73c47f51f758ef2584090c8c3062ac5,250637
0x03690d1b6efd25b3d744ea1857c27ff118ba681b,250637
0xc328d43a63823c6b014d0dd1817701968ff2ae97,250637
0x2b9ac1c14893c1a8307828286c09608d5c480a56,250637
0x57d16d27d81ed5e0febcc3c1dde0b6dac6a1462e,250637
0x1334505fcfb478b9371a781c036065e4d1b62a68,250637
0x4eb8d11dda0c6268842d65c64e62d636a3241eea,250637
0x442e6b00ad751649a8d80a2d81606fc4f37ebc3b,250637
0x435b7f7f1f2cbb4e41a39fd5cea12c78e91f7df1,250637
0x4fe4d288970c0f1ae3bd5d9fa5470f70f0691593,250637
0xcbcd0e3da3134b93aa4d4bfbbe2de09c16764eb1,250637
0xd838cb2e86d95bf074b856ba9da40f59c675eee0,250637
0xdd63c25f37d22f0c64099d99daeb365c3df62e1a,250637
0x5ea169c1170609d3c293c81c68e6dd3a1c94be1b,250637
0x473107621be2a0736b33a6ec9cefb6dd3e5bbc92,250637
0x0a1d14cd79aac176f8790c9671c995d0ef4113f0,250637
0xfb89f05b35688390f85a8efb40c9bbbd18fe0ee4,250637
0x5613d9137f831a29c868826a7992d6f72edc723a,250637
0xff98495dccf79d8fb8632d90004e400377d95434,250637
0xa623bd1ba91563f9ad210d75640d6345981f2a67,250637
0xf3b948a065807fe731ef295beb7e17c79323c2fc,250637
0xacadb60a795be8388a2bcbf8c48c3af9e4c687dc,250637
0x99ee455b7a20b3354767b24f631b36bc22d6de73,250637
0x9ae80844bea6b17963fa5899b6bdc06c331bfbd7,250637
0x43a2a720cd0911690c248075f4a29a5e7716f758,250637
0xf730ab70d33da79500b40a07bf71478b598ea00b,250637
0x07825fbdd63c4fcbbf19388a276838b909264585,250637
0xc9a598271f4219084025ce2114aca8bfda7dedab,250637
0xae1a334c197fe34c381e0e4165f84758c5883820,250637
0x19ef752bd8ecf70dece1be18f19764781eeadca4,250637
0xfd301fbd92897f353e1bd98bf670fb6be2117ecb,250637
0x2e4fded06ecf96651a2d3aed1ec1b36f92f0e803,250637
0xba1bffa03b4010f2c6b54b7ce43326d32dea2961,250637
0x7f05770e02fae4353eb3eff079f120c01823bb24,250637
0x6a3870605c6838765dca670cb63d1ba7f7101514,250637
0x70485e33f7cf860a9b93fc8ca6921d860421d49b,250637
0xbfaddb38a5feb26b50e038a01bd7d8f84f1f1935,250637
