0x16a70a722c719ac4c410fb2f67a4ea056257e8d9,250637
0x15218f679674bb7fe82d1dd72ec3cb155d26f176,250637
0x27ae5c6a85ff78a85ac6add31f43fe87d5728f01,250637
0xa83ca1f025f99aa3642ccf613e79569c32645c01,250637
0x439759d3e07ee8b52cb5ce89683cb2ec472ebb10,250637
0x544c9503604c450195f2f84b3549ae96f02db31d,250637
0x77cca03dd1b66adbdb9dca07bae3698041be43c7,250637
0xcc29127bb85f7389f6158fa5381b1c419d401d39,250637
0x70b4184bc9fcfd466afc1712d81f0e20c0062d47,250637
0x9263fd2f44c01405038951ef0e1fff4665100f1d,250637
0x20e3438bb64854c745405b166e96ebda80800723,250637
0x5f8d0754d059b291b9485835f59654e7245df7b0,250637
0x397d32e225692ffca4429c5ae35343fd5bf2f461,250637
0xc9924e6ca85759da5b77381d49681f364f9d214d,250637
0xd8f775be1b02725921fceb15b4bb89443c6ba6da,250637
0x5833d6c4bb38204bbc845f54e7b783e4642e2077,250637
0x9101e7b51ce7fd9d4c489eb4749967966a277e63,250637
0xe54343edf32109d1ef90054d34995d83beaac3f6,250637
0x9940a57377ba657a58b2a8dba2c8fbfab3bdd969,250637
0x7a953d6846a8c27d31f5c314fa2a855c227ee56e,250637
0x5b7511d46d1c3fa8ad1f24683f083b474de25bff,250637
0x43ce38a738fbb103abfc94ee666b17b5979ae751,250637
0xd21ef90978035d13a17bf2f32e7a3e27be03fe3d,250637
0xedd7035bb2cfa585115f36668a9483e055f683f8,250637
0x54529c4e446b1ca9276c3bbd7cae8343e7d5ee4f,250637
0x28446e858fa869d3d5d3c042f4b2e4aee2f9a692,250637
0x4eb2c56dc750b0ea0e3d7ca5f9b6230bf6df2d10,250637
0x5e553da7555b99ccc9fb10f2644b2ca287a0c3d3,250637
0x2203aea477ae4119d80a489650749466a4cf8ae2,250637
0xb393aba5a97987508252da5e80cf95ad678ed77f,250637
0x34d862d0e30fa53b05fc7dae1ea727e33b517ab4,250637
0x6dfab5e526a28cbdc52e8b66332dd3c7b7373b58,250637
0xaf3f35559d46f476e3a867e57e572d7bfd1b34b9,250637
0x26b24544e1079dd530b580a724e66fa0e2151a9b,250637
0x700187ccec59d47366a85912052cd444b441bfe1,250637
0x5084a39e423ab34c685e76d00341156f9dd76979,250637
0xa1b5f2cc9b407177cd8a4acf1699fa0b99955a22,250637
0x16a321eea4256ae02f390dcb397a8849a407d962,250637
0x5fc98e3504e16bbce9f149ef4d1d3ed52dcf4246,250637
0x7a9e464a71d5ae6f4c1c1be233b10f7222413df0,250637
0x70cb2e8136e15b9e3e1a5f34d900709b6bda7ed4,250637
0xa5c55c5c0e4cdade5a8be45cc508a150ca43de54,250637
0x11eff8760a247ae308db295d7a4026c2f1011b05,250637
0xc68030969e07fb297d8bff8ed3721e23c719c598,250637
0xee4f53443c971a74a8587dfc0052b336d22a5d68,250637
0x539ffbc53d6cff49b03eda2365ea36faa3daff39,250637
0xe753ef0700678aadebb36c5771a9d45548e5285e,250637
0x3fd8ef2a343e566f61b099400349b04540172b85,250637
0x30b76ef414c4bf5b03056ccb22bc749ea28fdf1d,250637
0xa92dbe765ff27d1e58fc6b54a581dd9a4b9e979d,250637
0x93f200a752ebf1c08d01deb6f4a6fb69badc5cdd,250637
0x304732c9b0ba37e293be44a5d0a4598886b82688,250637
0x8c85bc1d98af2a0214e4432718ab259b06f08041,250637
0x29d1ec93ab4b830af4ffe14dff656d4ca5365ebe,250637
0xc77fca837a3364f0897079b4f687b7c5fbe0c2c2,250637
0x179c91628749b0aeca020ab7a75d94e27d4d3b4c,250637
0xb737d67a6ec2bc31df5f611114551b85bb3c0557,250637
0x07e599e1082a8e0725bd3a90a89f79a23177bd68,250637
0xfdfa5a8694b6463da28d6412925e74271a3622b4,250637
0xfe438091e88db3890214639fbefd8a21e69e26c2,250637
0xd18129ea516d4ee2f0dedb686e141a485a5e1582,250637
0x5b3ba86b2daa4694093ecb52d511ad494d27d75f,250637
0x9a6e634421e76fa87f76d744d49dc217d279fd7a,250637
0x6210c3637c85e86264de04f7cb479c9a5593fae4,250637
0x426ca3db419f91b4785c3342ea533fb2419a5ec9,250637
0x97da225d83036c974abe5a1d2e97069c29c95a26,250637
0xf0b91bd804ff8c0d8789d9205196916ac19ef4cf,250637
0x8f0fc4d0ee390ee6729584d73a2cc32394e04473,250637
0x170e9f0d66ef149435a4adee132dd3f00333d331,250637
0xb56ea9394546c583b297ae7eca1cd36966c4f5ac,250637
0x5fc6f9c06af73042df03466c0e255ad7376a79f4,250637
0xb55a878745de63a0aaadff7fd19ad4e0d6f0da54,250637
0x0d52ed9d70723bdad5fe7fbdc298689b5765154e,250637
0xf1d797a623c8101674fc19479303bfc2a9930803,250637
0x0ed077884b8dfcbe10e7a58fe298050de2b10ee0,250637
0x8f6c021d8193ca0b00ec70d00e4ae8898c3c1b07,250637
0x563159debca67f15273e85ef556d27db5e5c109d,250637
0xb434615b1c15b19412d6b2f0edc02f7fa347ed2c,250637
0x66cf122fd2d2db0fbaa15ee03360a43fde22493b,250637
0x29ffa3b9d2303ae22b71bc98d44c80e206ba20c7,250637
0xb858a918922611057badb28492737cb78bf890fb,250637
0x39bab484f7ab6be53dd225ece07504806fd965d6,250637
0xa8e8d30462a0f8989e51f9d9db7d70b3674ab124,250637
0x144ac9f131268b2a32dd0aca3fae45cd45c67b9f,250637
0x4f7293ae0e952e8c673fd0c1600928059e1f543f,250637
0x5357f78c79986948956ece7b8f43953655feaa0e,250637
0xfc27f769d8db4fdcfc15d35e9f28b7f1fc499d9e,250637
0x75ba94b04532ff8c44631e10905a719344f12e6f,250637
0xe4490f6e908f114370304ca5e071c8223f82e694,250637
0x3ec7826fd5b401f0b5953030d81f2f65a5153e8d,250637
0x50dc943243b17d8ac42541feb1a8a3c1e5aecf55,250637
0xed102f2ccc040b1c2837763ee33f269fe21bd9d5,250637
0xa3f5801d6e7755c27fd0a57def9e1a90ad5486dd,250637
0x362517b7a6f548925618097c6c450e39854d76d6,250637
0xd8c4ba9e4046d19cc3edbd6a20c83f3e58cf1337,250637
0xd61cd1241bdd94c2fdd439b067ad0e6ecba87d1f,250637
0xd72a7926aaecb60e0c73b9de1a76bbb072af90a1,250637
0x2700c7c19f7a7bd5c40a756ffc3ea3b1f7d39455,250637
0xea414cc980c0e2cbff426db3ba2da2ae73b30643,250637
0x689d9d1ebe2ddb4bd4b8a2d6347b851376b0c05d,250637
0xfe0272f4e8912e87527949f7be58eb3b3ff49424,250637
0xc133046bd42c5bc8e9613ea432440ed7e5376cde,250637
0x5c70efb3c4e4728a1f041c849c155695a103616a,250637
0x14883ddb990e07db3ec321f1e7140bc9744f00e4,250637
0x08772ee9ecdc1f9d5ac4127f748c54e3575ff204,250637
0xbd743ba47f99f05b3059d849b10c864fafc8ee63,250637
0x14e921334fc66cfc6b0ef088d43101c847328da5,250637
0x5bbb094844d25628bce6ac115ae5dcda1b7998cf,250637
0x67000d00e4349b0d1aca05e219926c33c74a9a6c,250637
0xa56a7d47f3063779503c69c5f56470e2ba7bb8cc,250637
0x25dde5d6971dfe7bf0683d670f0f57d93ee5c47f,250637
0xd785b802141e4d4a3549f76dffdc18a80cbbb55f,250637
0x50c9a45fbebe8151bb4e654910676ad046cbfd76,250637
0x6fd9fdf65863aba1f0081cbd1e66929e3c70ffca,250637
0x5df5e3a9f5ebce32a2a5b05a83a2f00e686870a6,250637
0xb1006b6e12c6afd4b90287f13a872d3ce3c3903f,250637
0xb9fdcd6e6c58fc53c00f1c8f1f08e73a50e53cf5,250637
0xbc1518b36e868158d0b9af2d8856cc4895918bc2,250637
0x0b594b636adfb8e0d4cb12259784e4f1f64b96e3,250637
0xcc88f02fbfb7252001874c02bc6ddeb69b046fca,250637
0x79379dc5bdaeb2c52210841a31ff5b775bd57856,250637
0x10b50a16cb83e248defe43c73fe2682e94981ae4,250637
0xc66751b06eea91ad33dbf9049c8715f3c09714ca,250637
0x4b3179caac4be4d516a49291048b24371dcead0b,250637
0x54591420c8c05a0caed7f19068e5c1ad50100df9,250637
0x114efb10883ec2cba3a140e2c2a556e491a9ce10,250637
0x8e46c722014b3ffe2ceb9e717ed5232c7ea28646,250637
0xcc78e75723cec9935ae320ba061644746a006fdf,250637
0x4431ada7d33f80627ef9e9dbbaeeffa420375992,250637
0xb6fe870e09965454fa0fb40d38d994889ab88c92,250637
0x1e56b2e097d4a96b509eb67f74f4035ba84232ef,250637
0x5df43cbb11d1014ea5410e941d94b85c9224b332,250637
0xd508ac389626fa3974e22bcfdc34bec2e2b3c7d5,250637
0x9365c31430feece3591711bf452fb1fc477cf5c1,250637
0x5b6b04054f56a62cf4fe4a362b86b9f17c860819,250637
0xd17c07937c6a09c40ef538a06470a404cec1080e,250637
0x904d578c02412eb024bbd5bac6209b0c833049bb,250637
0xbe25052d488faafed602b700a2d1a7dd18ac3d32,250637
0xdf180e1250c91542f435d0ff6e3155fd5b2dfe43,250637
0xce8fb927dbe1cfa073d7fe21a15674c24c55c2db,250637
0x7f88b531e276d133b0aa8cdbd8d665f2b6a073dd,250637
0x7303477af709bcd1757560a4fa0d43f33ddf942b,250637
0x0290124c07e8278bc8e2b08bbd53428993a9b8dd,250637
0xdf676710ed1ca4a392ba19b4007875b347522bbb,250637
0x62f0a0d68bbb3ee33eff13f25cb8dcd3d5d003f4,250637
0x363654f7f3f752c569fdbced9aa61c84149b32aa,250637
0x287111daf84f4d15fefcc037d531381977db3872,250637
0x435254e7e7801783c03b4900e9a1a08f1cff8be4,250637
0xa23af9072be36689e9d6fb3514acfd1006f93508,250637
0x7c96abbbd4474c20951bb19542dd1e658b659d06,250637
0x795d9b6aa3f2d275465950aecdca1cb882acc2a4,250637
0x3b9601c55db660afca235c2d26567b6eefde76f4,250637
0xfc58054e821ae568ff937fd33aef45170e4f70a4,250637
0x163dbea561c9291da9bd7fc1ed286ded505a9f97,250637
0x402536f572d675eafcbe597b433b9f8af80fec3f,250637
0xe8120e5485a677aac7473263ce86a673530cc7a4,250637
0x0a6bbb9389dfd836ad6cdc2fed6b4493d99a99dd,250637
0xe03c9898e6d7a76f4e1fc4e6d138a4e8393d130a,250637
0xf4d37607b69121cc9c9cc3ba702587724b30cad4,250637
0xa15ba6b1616c6acd7a8760761bcaef4672390673,250637
0xe25afe828702a0ad547929072133bf16d9c6f881,250637
0x8824c34e900cd16a0c3c39e3130acc4e6524af1a,250637
0x073f4afaf299c34ceaa367d1551177e6542945a9,250637
0xbb96ad7ebeea0321eb0d9a7ba5536151632c4109,250637
0x87e15bab77742741f0580d53725c0dded14e48c2,250637
0x09dfafad4a6c2e2209bdd91974e7d0a618a53025,250637
0x8c2a57d82a4af60f33cc64a2ed75b425c2a0e4a9,250637
0x9faf9c7ff3c370be4f209008b83e2a3276d47a9d,250637
0xfcdec9e4b879fb9ca80b9c5424613f1e15638f6f,250637
0xf5fc9c48f051799e42bdc63222f8575c1e515006,250637
0xcd2e63992d7ca99a86d05ca60d4ebfd256a41eaa,250637
0xe9f1098acf98a3244c4c3e10e43c7de1f2a99c97,250637
0x4c724ca40290bb528a3bca468888e141e69fb141,250637
0x56b223767eba3fead8c75cf68486729c95ddc49c,250637
0x06a5c5513c2b263bb4b600591858e398fa536c3e,250637
0xcdf456aa6dabe0dde3989e03216fa09c73bdd47c,250637
0x2abcf57f0937dadb8965e75e1501d149d9ea382f,250637
0xc72ede87f8c19e0f466cf588e2e18b98ebf4b01d,250637
0x3488586b967e619bf88f78a6208ee471685c01f2,250637
0x7ad515370981352ef09d3558d919aa668f11de35,250637
0x238a542b714fe049f7d5b9a40117213b3ac4a4e6,250637
0x4ce6e9666359da0ed6dd7f38286376b9eefbec14,250637
0xc91af7f1452c115c785ea6abc907be4cf99f57a2,250637
0x798d24fed5ef48583ac35e4f0ef52d573689a9c5,250637
0xd8bab2f259559b54865b2ffb29440bbd532b7ab2,250637
0x595be6f0150de0b395fb73193a02c76f0284a8ad,250637
0xb21676d7c304f2dbf93c6166a95e74c40f282381,250637
0xff50cf554ea290badacd58f9abd201a3f21ab3c8,250637
0x47419bc6bfaa424d24a8941a71988adc3683fd34,250637
0x45ebaca31076489611c9fbf22473669fa9bb4bb5,250637
0xea49339b0ec097d1b86e44e3a5e5eec43f795dfa,250637
0x77053890e70e8efd12a659f9fb3a289c44780f71,250637
0x59bcb4bf9d7288da345299ec2bfbb88d3447d477,250637
0xdc2ff1035d162174e375fa9020ea6195e3423457,250637
0xf9811429f028bc378366df99348873b631eaa3c1,250637
0x5e73cb1ba8a0bdc566696b95bc17415eb4b2a1b5,250637
0x61385bcf4d98a4bb47dfd54ee3020c08cffbd1a1,250637
0xde7995e10fe1a39ba7bbb7db518b1b077d1098ab,250637
0xc0000504502963e2599ec60b45fca7aad8488754,250637
