0xd3d16b812dcb4b8ce6e1bdac6346dc24330caa6e,250637
0x34030002c7f7a430c208ee72854e237f7e50dbe1,250637
0x6012c5a0ebd725e629957a5d9532c06f9d5efc13,250637
0x686b07e92da4b8fd5ddb87c7758586f890b0cab2,250637
0xbb017e5131d1bb54f252ef9fbc06090289bbf65e,250637
0xde9206b89b9cdf3b191951a2b6e072e507aba429,250637
0xea0e84bff11c99f8aead5248120001374e015d3c,250637
0x9e83697ae95499523ebc8eed5fcaa1fdb7ba10d0,250637
0x455470bdd37e5c86041ddd8cb1772d791ac38ac9,250637
0x035741a5ec4b823158d2af7982c99b3e0dc2cb79,250637
0xf812fe938a0262ae6e6aef26910f0982b9de8d8d,250637
0x7c26b3272752d5b978fcc45b42f9ae1c6bdd0ebf,250637
0x68b18d388994336f341b4997360bb45f9f8701c9,250637
0x8c1570925dcd4aa2e7fd3cd0b06ecf15422aafa9,250637
0xbf69c0a9a503d43b12f39a6c6eae6f9ad0036ccf,250637
0xf7be097cf02f2c53e4593b75c2b3336ba221edc4,250637
0x9aff3edb886e51209887daef71984cb45964abaf,250637
0x66f2fbe04af02f1112c6b9eaab454cb25f5a5271,250637
0x1501d9e1860cecf4c379383030dd4a82fef36aea,250637
0x58c7f158b78e896c94c0c9787c8703612e6c496f,250637
0x8c8e5aa1fb134544a5de0134a95195fe8939b6da,250637
0x55a84bbe27b80ad89d532dbf50094b7a7925fb52,250637
0xfb8832f7cb44338a410ac5dfe56a00920065e587,250637
0x9cea77274cac125213752bf59a38b99d15d0152b,250637
0x8142b9a50a603ea0ed05c5d71e91e0fc41a6ef0b,250637
0xf319bdf2caac5a1bc3020dc297ca1c2da4490ccb,250637
0xf5d451509b76aaabdcc2830c03ffbff044dc0f9d,250637
0xc6d6744c74e6031c4a292511cc92ba1c521fbf3c,250637
0xbab8f41f2a563f3090022a9ff3453458e138fc8c,250637
0x4badf85bc62025cfbb1b38c4461a5dff14c37168,250637
0xed654010ec9934ce5e2f2d1003b17f4847840682,250637
0x0cd8a946ea1874628c9d060a1148c810ec7f7daf,250637
0xf4355dab6020194b65e67018e410f0a55da5af12,250637
0x052314051d6b08356ac36d14930d29001d874d22,250637
0x6eb28880b0c29a97bb070d283bacb7eb8e2297ca,250637
0xdf0e76ece99e5218f8cc5fdd06c5ba960313f180,250637
0xfc7595fa23b80c418e3afa602f97d282497231cc,250637
0xba063544465f8e58896eaed670989b15e708c81b,250637
0xe423f93b7506d255e496ea9dc8ca20d26d7c46e8,250637
0xb749a586080436e616f097f193ba9cb6a25e7ea6,250637
0x0776da3849a346b212607a2df29c6ccc4bbab3fa,250637
0x40054c5b86c60e48a9abe65e6d3f542513b4dc89,250637
0x024899f1b2e7c3cfc5e3db7f54ecc284fd775d29,250637
0xf6035954f4596e052276e8b2a43bda3b6f305a30,250637
0x17688860db4e646470e29a0555f971e639595544,250637
0xd846513aba69eb113c4cbe00a5273b48678b0963,250637
0x83ab363b975f8d670e1c77923f03ba16cc87224e,250637
0x7be5e0f95b52b85fb3738257ce026db30172f03e,250637
0xaffb10e82d405609697880ff0676570087f9052a,250637
0xf202a14d7b7c97445117e0d2fd3e13c7215aabe3,250637
0xfc3372792b3460dcf70a88af829a9fb1c294575b,250637
0xc6d14b4c2db572b018560618e68c6b216582c5a6,250637
0xaa377fa1f8c1e3ae97785b5e239e8ccfdb70f3e2,250637
0x1532a17d1f11d9e0aec07d8163648464fd17db4e,250637
0x64665f1c4a70ff223151fa447cf081aa3c13c031,250637
0xdb3a521211f453994383b766f636ba7c3619a253,250637
0x373361cd6ad7711f73fa71ddcd1c3f62da7c4439,250637
0xad649f52a7d6f106f3a69a0bc542e885e67fee6b,250637
0xb221c3259c19e9144b61ee3d99f456853db6e08a,250637
0xe0dfaf5737c30565f916b88cecde024cd042ce74,250637
0x28dc40d3c5d4bc792fe0d2954f6b6c2706050c95,250637
0xef25268777253c0f118f768f030ba643fc2f587e,250637
0x995659195aba8fde833a7dfa4eca99a747157660,250637
0x753ef78391e51a3bdffad4d01b5b598eab3164e8,250637
0x50ea9f07cfbb6ff2a479e36c70e585306b693394,250637
0x987ad9a5118a3bfd799ab179fd715787ed67171f,250637
0x32c31d9b4d5a05a2ff746e582905c02a089ace94,250637
0x1de17b6c736bcd00895655a177535c2a33c6feba,250637
0x92ae60fdfcc6b119f0bdd1095d6526b9ad971b18,250637
0x18f11c6ad14778d57a4646ea8800a9c13192631a,250637
0xa5442684505b8eae70d76b5f3e907856718747ef,250637
0xaca0faae2e4f1be30b68a1a5c9b1d00be5530a5e,250637
0xf25dd21ec783ca3f0e426b008587821848804d25,250637
0x6cee3a2e8e2d95b3fdf2fc6974e05c6f7e8301b4,250637
0x2290c4dd70265c585b103eadefc8d70b91f15fc5,250637
0x558e8c2687a1b1beaadd6cd2dab33df928225431,250637
0xb236cee32689b6d75539e3f3166e1220e52a3282,250637
0x63d73e85cb93ed87a3bf48f7227c42d21d28fa7f,250637
0x7e2cefa847ff8f6f7f064d7bee99f80c60c7e2e0,250637
0x7dda9daf00cf8f0b9c6bfc10ea06e219f976060d,250637
0x8752022c77ebb4d81c414a10fa69f7f9c859429f,250637
0x2519bc64cb4e10240e00db604e3cc2c3c87dcd92,250637
0x0a6d96e7f4d7b96cfe42185df61e64d255c12dff,250637
0x367448e7101d0cfdee53d8e6a57ed9bcf44b9910,250637
0x5613d9137f831a29c868826a7992d6f72edc723a,250637
0x4706cf76b3860c706ec00db15b076e4d213669e7,250637
0x5ed5f0ebff6e892d8a9aeb7b79e84311276886a7,250637
0xc7005516ce80eecb49bce74f75523f4c43d55cbc,250637
0x9e908d548b4be83f21cd7c139fdf65f0da4d568e,250637
0xbbfa07f0f3d792e01b5aab9efafbe32a1d8a5322,250637
0xbf1961d7af2b014dd689049a70bfe6530ae17a8e,250637
0xfe280578724fc82bd3d41b2b7e1daad6767dc2ff,250637
0x54ef30bd4d5c9d9e072a519cbf63f751d464807d,250637
0xd62825c1db37be80662484de8c5f3af5e082e296,250637
0x958ee66dc45dc624be1414dc6062fd0a064b823c,250637
0xdbd300eba0f755bb06da769a4e1a84e4330068af,250637
0x7843cd3d61bee45530b1e6957cdd4aa5fe539207,250637
0xdcf5bdde8562548ee76c34cc77df2c381dab8fb8,250637
0x96e3ffb1141759a754b1757fea0a0225c7a214a2,250637
0x02749f37b81e8a68a20bb739abdaff765ad3828e,250637
0xa5501272bd773e6db2455f39f70422499922c50d,250637
0xa4fea7c1e060040b1a1c65bd69f5db280931004d,250637
0xea7feb6338e1c89a637abfe8c59cbb589b08a058,250637
0x545b9017013b3358a2ac6a4e2f61e6a682d70db9,250637
0xe79449848c3b1d16f243623b8fa20d1e05c88902,250637
0x4c4dd3134d7fc4fee9435f5cdf89fb9493bdeb5f,250637
0x74e4f32b527ed2ee91c81d877fd50a542ec37fa3,250637
0xef8aadc5998609d535a9b3c0c794fea47bfb075c,250637
0x5716e900249d6c35afa41343a2394c32c1b4e6cb,250637
0x5ac502bff01ca5ac87d99e4806594a6fde419f6a,250637
0xc23d720bca2624757665f4aa7a4bb7fedec911e2,250637
0x42412ebbb67a8813f65ec59b945b8255364d2929,250637
0xf1f57b31a953f8e481c5c8f52fe38600268dba14,250637
0xd671e1ece66a735d290b3dc0e1a30b8f95114042,250637
0x9e6dc9c2a08d017ba5295cb5587457c54f1ff99f,250637
0xc14691f35446bfcc1f17173871d5b788c7b9aef7,250637
0x862464bbd83d5743f9cf873c6ea3d187d0f909bf,250637
0xbfc99af2da5c8d6755a630f3e43fbdbeea3f45f5,250637
0x54c52267d9f656dd8cbdac7afe3c2ff8d62887cf,250637
0xcc2a1a5b5041556b99b750847dbcf1e8fc6a341b,250637
0x53f7ff071be304242d53515a6866e7228559b7d7,250637
0x848e0ffd179a9cc0d955857f184c88a6c513ba61,250637
0x1680619da0617d084837780877fa5cebaea87ce6,250637
0xc72aab1cc6c0af77bf967d38a29ba3938980e20b,250637
0x8aed145c9206808766ad816112f9ae6d9ba31849,250637
0xddac6daa2d7b2b41b43155abf6d119e0fa80f955,250637
0x40cc8198238e75396c7c0fd0d7c700d2a2ae8af4,250637
0x8e554bf67d146923527ff351d6364404c5a7562e,250637
0xdb7a9abff88b00230f3cf8e000ef0f2b7dc0a6d5,250637
0x4ff7019775c8ba9d615b024169cfd4b16a05c640,250637
0xb7376b6e074b1f2688f7f0dc9f84d11aea592755,250637
0x09fadbd76622b9e674166f06fad15e63b5aa76ef,250637
0x516ffb1638f5bea91800364d34378bdc5b2b386d,250637
0x3ff3709ef2816d1c67174c4c8f514481604b1d0d,250637
0xac45a4fb988406dc5428341f25ce3271e96b4f41,250637
0x257d1ff5ad9cd211532269dfa73fcec2d51850df,250637
0x98efb9870eda894a4c5b056dba4c37069919439a,250637
0x7ac91a86f60aefc349e8b24d379384e72f4fb94a,250637
0xf0328abd3fa329f6f8c7293165c773007f8f75bb,250637
0xca2d1be1eed1df475869dbb7503691af61a8f873,250637
0x29bfc73dc3b794104b2591527bea798005eb5bb9,250637
0xd8e6702c60055f61a5769af0a1294ecea39d91bd,250637
0xca98a7db93e53aa7381461f728a481a941a590b5,250637
0x91c7db592ae706dee04bb1ec6baae832fb3e44d2,250637
0xee16cc21741ea3457be53010eede48c397f529ad,250637
0x3a4a79b3224eff68d281900909dee179f62f35ae,250637
0x751aec1aa83f178ece06e5bfb9c58c55639a1e46,250637
0x9eb71114b8cccd2b2c6097cf8c64e85c5d79d2a3,250637
0xc57cfd16526abb402b9cc82a423ff79ac691a66c,250637
0x7bba1d555ef3faa2a9b4799f82b1d5171aff9c1a,250637
0x062048aa30442e3d137fd1eca4cf746a0518a072,250637
0xb48a48e5584793d22f4cdba39ea69a52ce7c36a2,250637
0xe09835916acbf3979f0fef0fdbc8c2380250fb5b,250637
0x83c7eb2628cd045db6908f0e2f8c8184d22b0261,250637
0x36b34c13022d9a1b50818560b28f621f0fe57560,250637
0x4b67c7f8893bd8fbc819fa57b9dd9dde0b03ccba,250637
0xb4dccc5c2e3ce4333266513e837f933ba0390e82,250637
0x8e892f0362aeadee84f7edaaa8dc79404cb31453,250637
0x3b7a00aa333833b81bb394ed965cb63541bb1b83,250637
0x467993436872bda0b132164664cb0449cac4bdec,250637
0x6097658f09a6268f83eba8dd6670042d920d256c,250637
0xe4dd32d5bf16391b6d6e2bcfd7609a124e97be7a,250637
0x30294ba48d252cf8d0ac391f4e2bbb2f5bbe5e3f,250637
0x6bf08768995e7430184a48e96940b83c15c1653f,250637
0x694a20d325199b94698778f2ded782792516a726,250637
0xcd2bf86463272a3572c3d6dddd70e06d83dce3d2,250637
0x77956ee697e506455c9a1bd00c1eaa6722753a5f,250637
0x8bf2ffc89c70efbe245aa81cc597c7e359925d61,250637
0xe122bb990d3f55f8a0cebd831af57e9bc7dd1e8d,250637
0xf5709071a0ae5c03d03e90ca9da5b82956354cbc,250637
0xa35efcc43f1370bb425fa0c3787b9fc1bf3b52a1,250637
0x95a52074d9c28043c7d890d31f648612b7dd45a0,250637
0x4c953dea350603ba2818a1d24550ba26b2a500b2,250637
0x4e584439fbb8fd292d48a6a4a6154197b69b65af,250637
0xe59a53834d52d3a91a35ee7c720eb946e5df9f21,250637
0x4cc1a03191ddf0c39d82098f059ef3412113a36e,250637
0x1854c3643539b76c6b9e37900a1dbb8998621bf0,250637
0x98cf56ebe1892618ed76db6b84ac6931746b7dbd,250637
0x738964654db20490a60e0c5c490f56e53075bfce,250637
0x511d3c954bdfd15b7c7cc9b7331b7291dbd11089,250637
0x2ef15fae06f63294833c5c5734745dc98a30c4c5,250637
0x3e2b0422c739c35d3febbe78f7d653930bac01b9,250637
0xd21171ba3582d336fcbdc267d43ef707dc4cd01e,250637
0x496eac2c2d0707b7667fb3ff6bb249149a6cd11e,250637
0x5dbcb20303dce9f319df80801c3323f2715613bc,250637
0x6b06a55eb46cfc74bb60091c6db00160f06f9923,250637
0x6a5bbc43b93c664b2e6789461a61b5f97c9f7a4c,250637
0x733da40f94dc64c9f300ae1fe0bd11d4cdd3adb9,250637
0x7e942ed45259a590a9dd66e72bf2cb92f0735e49,250637
0x2f47a6d6115af4fc1935f5c9079c8acba92e5ab4,250637
0x03f139783ece1e975c162e9a765873718d8f4709,250637
0xd18b5d8df0e174968bc40ea97d2f51e2626e6898,250637
0xcc64db477be115503c44836dce92bd8d5164f274,250637
0xec46f812d749d5669d6f861027475611d0da5d3d,250637
0xe3041a0130c9fca2b33e7979dfe9c89208acff57,250637
0x86f41de2882b2c2b28f39b226915664d2dd1002d,250637
0xdd852dae91039558abcb16cf688eb070f5fac9ed,250637
0x1ba2d1211a91a9b0fbf38b85ff5e1b626b247429,250637
0xda5b74ad80511b0be094604423502b4bc6a43689,250637
