0x51a1458b8ac8e0d4aac2e6eceee3bfb2a4f3fb10,250637
0x76607084edaf7c7d66733298dc4050b65ab3fdf2,250637
0x1ccec0073507e535ef261d69a1d3012a2f0f4493,250637
0x01c3d531cace42939e1d705572aedaa0f33b45c8,250637
0x960b2c0bfc98c2b5cb2149e9f1a844b5b5624a45,250637
0xc7bd0f5603a7e1f06866fdb51b2b26cfeaba3364,250637
0x0a1077535d3a87b0234f3f3b3b4e46fd1750137f,250637
0x3decc8ff85eee5d039952f1dbe2d553251785671,250637
0xca8da2165bf9e437f3d4c0935df63e793eda0f49,250637
0xe483f3fb8f7e4680039a39839a985ac75c4cca35,250637
0x6e1692fcd3c61a84520b0096631cc6b8c6e6cddc,250637
0x03bb1d0fb3b561c40e2debfdb13e86ab0dbcee91,250637
0x3da12ade5cb8edbdcd14a0911bd9fc9bbd99bfbf,250637
0xfa320f3040424d23edf41a12978efaba3b8e032b,250637
0xad17f4eea03e1ae8bc7f8ab446899142208f0022,250637
0x1a8f67c00c9dba413a114aed61e0af7c280def37,250637
0x3275051b6c32927d84cd48ee6109597223ba6313,250637
0x18b1609049c1c970999f97bc7058f0b19c9281e5,250637
0x4f96112018f707e99b6b51e7643429ffd4a09eb9,250637
0x995f15c8f1776877c9ec2d4374e51166d9f0ad11,250637
0xc8fd20d3e184122d5b23111d4b405b8f02ed0e26,250637
0xe84a99b5b04c2bafbb5b2bec8e54b6af912d7861,250637
0x1f54f3d87e028661534061925f9fa65e6c792b9c,250637
0x26d9192cfc9599bd62fceeda6f3c940158480939,250637
0xa2814ffec234091fcc7a1fa36eb0fa6d50acae67,250637
0xab84a6f9e1e7f29e2bfb2778280f952768d781f4,250637
0x36f230c5d2a06bad4902f090b25308a6fa173b59,250637
0xb51d21112320b6e26a934336bfe8683a1766d3c0,250637
0x03f26120f9d1f1f17403c4c04f7bcb1e6dad4d4a,250637
0xb98379f07c5caf1c5b695469fd31b4ee006d33dd,250637
0x7e3987dd5fd844d351ef22aaa92d7745ee93db82,250637
0x085321bfe3399f019c74c218112d0312fe5b6dd3,250637
0x9bb8a4ace9b80a105aa66aecdef7c678d6de4873,250637
0x3ecdd3182d6e9c4c130e56da2fb4a7cfad79de6c,250637
0x24f53a1b6d658dcb45f78436c856aa712e77d4a0,250637
0x07414cf7046c2e755b7d04a85e96269fbb34074d,250637
0x85a7936f46ff461be72911376f9b2685ebaba2f6,250637
0x7f95c2ceddb453e8e48af10e79dfc801d218ee8a,250637
0x56b71a3c8c3e4fe0fc8cf0388d3d714a5863d617,250637
0xd50eee5abde6e4419ed4081d7780431cf4011bde,250637
0xf8e1b6b3071de498495347bf2970d3da9edf78fb,250637
0x9489856cff217b1c87b74f62a520f8f9ce1ebbb0,250637
0xb10ac27fd5b860d172f8bfb89466438bb2c4ff3b,250637
0x931cba04ee7d737d511616ca46fd7a70a02e32dd,250637
0xa789c08b7c4fd98c9b25df3cadd44c6a1a5c527c,250637
0x9cff3681a7913a1d64fd1d019f8cb881428bc629,250637
0xe7581c2a89aeba8c589d7e195473d71b9314f30b,250637
0x25a8345779f21fac98d78fad2b398e8d95ab9b87,250637
0x88e8fdf15c1e280260f446db76a1ed638230c001,250637
0x44ce6a10590ddc43333981863f2ba422e427db68,250637
0x6417341c093d273fd03cc5c86647349c31b78d97,250637
0x96b242bbc2d62c9ee0fc36106c1f6a57d83d87c3,250637
0x31cbc09420bfcd4ed02dc25f030147a41797cac2,250637
0xfc45477a3bd16aa9c85d8c13a652eee464469214,250637
0x8a667523c3a39c19993e94c5f16a844672f01b71,250637
0x5cb7cbc164bbc074cf49fb8719e72585a342f1bd,250637
0x56a76c522d2747a9f3dd6f62814f995171b5b54a,250637
0x75565ceaa94862164997a03a6f4e2f0a3b45c7f4,250637
0x6dc7f14fad401a733f1866a4389d5c017641c316,250637
0x79f14c4678e615ac94ba9cab0aa954ff8a8b1c96,250637
0xd1e3216113b5dd907734bec03040eaa3b1f0f1f5,250637
0x6823ae0831cea44c1fca94b017f7dbf926da9044,250637
0x2e5196d99b4c3c0669da1882060ba50b04131157,250637
0x30f7595291c6861790fac6cc5118a470ddeb1391,250637
0xeba1c4021b667408de5b1340bf0815842316f820,250637
0x750960491f974d25c5a8c2c54064bcae26c9cce8,250637
0xd2643d3eb8d9ca0815e3f36bdf6a3ad5b34c6f00,250637
0x173b02cda8b26d0fd107d565139a2c600f6965e1,250637
0x00acc1518e5b9fb54b7aa681d9873549b9dc0656,250637
0x88cf85f254bb14284c420aec1e2010fbfff2eedf,250637
0x197fb58e10bf182698a2268fdd347b7a43746c16,250637
0xc4cb6a40d7c4669af5967441fb7c9b8003b8831e,250637
0xd675a9c67f4289e9b3f4882d0d3d6fbdad942e3b,250637
0xb70fdc6550e36df789c3a352e56ec17794053d07,250637
0x1b143fab8c65553c36dc7a02524ea68e1c5584c8,250637
0xc2019338209a5131e44db79edf9877c6b8119e13,250637
0xfaeeefaa7bef7393fbccd37a0eb3c9f40cb4bc1d,250637
0xdc0eb2460ca669c2d748f649b44c193765e8fc3b,250637
0x23cabffc99a436b2e117efbd7973810dec0d532b,250637
0x6127295a3ab749431ebb2b79e3e9acf850ba19e1,250637
0x85d277b8021dadd078ed49cc2339dd0a9cada4be,250637
0x5618733213c26c2919d772f0a3293cb36e58216b,250637
0x8790c8711c3673b8162ba04bc68c0ef3ccb298ed,250637
0x25b2d0b4e4487ed1b52db8327a42e3f71f2cd174,250637
0xfd30e2edc03d18853316f3ed393b2ed22dc9366a,250637
0xd3a64f0615e521684d439b061a50860c6689f1cb,250637
0x0b9db430e5d460d37a491d303048ebda8d6932e4,250637
0xac7fa9c01bc17288cdb5dfc497569fd6707ec680,250637
0xc58155de82a1009dbdf2914017813fbae276a42e,250637
0x289e1799905a76749d94bfed43929c212da5b41a,250637
0x1e48692b6039ee3c003ad71b3dd6e8117f2a7375,250637
0xb7dc5ada3b2619d4e50c1cff3d9fedb7cf79378c,250637
0x6b47f72cd74a61f07e252797b59b1b31c4412f8c,250637
0x94bacd5724d48f642798794b500bae5a71205e68,250637
0xb6a2a45c47cee2f40be818d371b956150c68842a,250637
0x7349c1849e575b110aa37d3d89fbb8ef4e843022,250637
0x84e74ce8af0577e0dc84f931e77b13c733332134,250637
0x7d1d2d0228de94ced002f792ad3ccea482a9b738,250637
0xa743b0338bc85c668ee797f112d0984723b180f0,250637
0x44bd9625e411f6eaa6f3588e8d62d05acccc0478,250637
0x413d1e4961badedf647462aab31be72dd905c75d,250637
0x6e7f42c2add15d1611e8844c0a663d8b4a061b62,250637
0xa065e30cd0d74ae62722ab6bc306dd5256818201,250637
0x6541db661b1f9957ff6ce0612e06bb09551e2e7d,250637
0x8be921efdea3a55ecfdc52c05977bce554538ac7,250637
0x97e09e3318940425663bed938767beb54e929c40,250637
0x931d683ab36aad8d6d16bfd77bd34a1ab80174ab,250637
0x7006b46672ce36d18c5e50c3f2b1d3397a559eb0,250637
0xc335ba14aeedbbf51dfa6f76c825116b6bd80164,250637
0x092ba296a470a5754e6e0e3072b03ba110d9ac63,250637
0x6962e06593b855ddc005fce57fae00c4dc22d615,250637
0xc5f2706811f06e7d6c2a59e133f39c7e5d47f1a0,250637
0x16bed95e9219e0483d926ce674509b44dfb3b3bc,250637
0x1c916e57518042522ff03b289889ba103a97e17a,250637
0x8a4727b9158ac8461f165b57a54b8b3c64a1144f,250637
0xe87e5601d70c8444be1d952fa9a6358aea6d551f,250637
0xf04557e5902a30a0177ba829ce0a14f505056c0d,250637
0x6203d1aaa51bcb44d8a226fea2f0221d4a0f12f2,250637
0xff6c8bd45da6f65143cabe333682fc7d18120f39,250637
0xd176387928df8b4834fdc0d1ac9d1117dea4be3f,250637
0xbe8905a89498543969a8332aa07c42e4db9d9517,250637
0x8350ded294b685bc206416c16f289ac7c8128aea,250637
0x6e763633021ecd3b673ce5ad8bc24ccfe7676b24,250637
0xf56d09a54c27e8aefe9e1b89759ffbbe465fdcf5,250637
0x689e5c87e31d29115d25de1c43b7eeddf1cea729,250637
0x4a6b9622f5ff6c93e527e11ce4ae9f9fc53fd17b,250637
0x0b9b3e7f5f1fa149f8faf4769346df1015f76c29,250637
0x03a18d2b8f604ef24631611c70be7b47ce144fd0,250637
0x5e90cd1676ff97b2419e40f14c2a75f4aee845e3,250637
0x63f311655f6906a1c77d30261a5d0857a7385f03,250637
0x8dcf919979e44fb6ac18fa94c58bb72fcf5ca5f9,250637
0xcd95bfdba46dc9d52d4f77b7cf4d76dbb14fad2f,250637
0xceed8e12b5b7fb5d1c43a0f9673721eb015d4f88,250637
0x816a22da408b541e79c2fd2cd5c7f5e81bd2d18a,250637
0x9aa729c8bcedd78b4022880cf4409c28a3c848bd,250637
0xbab91d5f48cc85cd958ee7e14a4cd110b6eb2e51,250637
0xbc92be853b1e31e63099d7a1eb18f83583e0a2ab,250637
0x656e543e65183b6609c5e3504a976d722121d78c,250637
0xcd40951c82b6a60587d50e3f385cc75d850870ad,250637
0x54167572640b7601568fa87bb70cc245d125520c,250637
0x11e3a1b5fa45055618fe129f09b11a3af2ccc2ce,250637
0xd282d28d3ae3eb4a5f879b044475452658c6ac99,250637
0x4bc86cc8568068e578e4d07f0ba711c61d9d298c,250637
0x96c07a6e8bd65ba83b06b7ee533b12443c4d8c59,250637
0x03be0e0167d4fe5a429fa4e8e5fdf8946637c042,250637
0x5ece67e2be5944a7efbdf299c2ccb09f4641ce24,250637
0x90a11bb1535b7b2c3ef9a5fcfeab37e8295ce18e,250637
0x2ff909e86c58014c9bb074473258a38eda4210fa,250637
0x7bafb56c5fec2617d0d3dd280ee395a34b2d1bda,250637
0x5ed315db97c91c2caf4cce3900f3b35d3b6083cf,250637
0x8516da19d1fbeaba1336f8972bd4769b27f1864a,250637
0x06742fa386758a5c90b76f43ca313f4659150aae,250637
0x1078388366b60325c16fa91bfd786bb5daf8de8a,250637
0x4faead5b9578464af392ac433eb471decb1c7b95,250637
0x10aabaf9391c968d68227e9113e5e5254f284f95,250637
0x27d147915a842723fb0092c240e12c1e7315e687,250637
0x249b1a0e4287623980199bfb10b0ebac47799ccc,250637
0xd7003d4626af864afab9b210611839f81c77ca56,250637
0x5e24abf71b954f909f6aca4ad5be902d1fa297b4,250637
0x346ddb23e8b552ac68999c83d862857db372c268,250637
0xf51e1387f95f4bb224d78b5c3b1d30b0b13c8e9f,250637
0x00d0bb62354bd511feb1f61365aa618c10f639e1,250637
0xc18af606ffddf0d726eac1714ca1bea7299b55aa,250637
0xabf648697a15ec094b5565462af51b9dd95031b5,250637
0x8912dc9c259af6235c56c5433769176d6db5066e,250637
0xcf2838c7e7669e445b1f09918cbe1a0b140b6b2a,250637
0xe2de3559b4a7a0492693500fcdd1798ecdfea334,250637
0x8cb578e31dd76401a8c3339727e7c18d71ce1ea6,250637
0x45057008cc684632bf039be17908223c6d67c628,250637
0x7c82d5659ace92bbb04b413e7d4134da673b1ff5,250637
0x4463c6eaa6083a08759e98b8061313c1ef3746ab,250637
0xdf85c42f4cec00ffd326a8a116f61315ca56decd,250637
0x8d0d23dced0b3301ea4a433fe7a06deb211a5438,250637
0x0d01a977518b7178820fb63b798b2d6658b6ae34,250637
0x9453b937e534fdc7a692dc62ebcb09a588beb1d8,250637
0x4153ccc2dbdde0d4f5df26a66205872c9dea6363,250637
0xc6614da302b04a3cd35b09f57ce95972a5622455,250637
0xfd8c60d46617318bda6d281436716eac27209baa,250637
0x5c603bfdca4ab38e7e4d7e9b2e557ce9a18f7643,250637
0xb0f6d51654f7a01203a6afbea5f9e6e8221a6bce,250637
0xc4aa70405fc889a2a95cafadb3f406eb471203fc,250637
0x7260322f69d6c0143d369a206fbadb3c20afc85d,250637
0x32a5caed3f909a1f0bbf2148d6fc3e980a4d50c3,250637
0xd0e59ef244227d8baebf9a53f658f5333471ba68,250637
0x2ef88939a7303b7b62f439e49b19b2f2146de86b,250637
0x97ba1592e0a7eebeb62b11aabeae3f067f401135,250637
0x826da399ee6a7467720a57b94dad386d9044316b,250637
0xefadece89eadcf1df28b7c1158b89329165b7574,250637
0x8dace19fe85e4049be16a8cb010b83be9a7250c5,250637
0x0da2a82ed2c387d1751ccbaf999a80b65bdb269e,250637
0x9c4ce05f7775ce3f1a090c8477354ba79619b2ad,250637
0x1008dcd9078b38d4f615ecf9947c91de9d5a123a,250637
0x78edebd84c84969fbfa88118b6d4b13e41f1df3f,250637
0x01842f5f18dfffe296d38ed431a8457eb95963ba,250637
0x5890072a63c41098dc1d9ca7ca9d26162bea2053,250637
0x954e78288e83d88a91daf78137a50eb578eefb03,250637
0xdc510dd3dd9de56a47b3c3297257c75eede748c7,250637
0x2c55f589a1a52de253e3354c2769918c65c2afa4,250637
0xefd7605459d0d35799df2036683e5d48d3a94b05,250637
