HolderAddress,amount
0xb59919f8b5816c7bc66153e6559f04ad7a0c24ea,250637
0xe89d01615a43bc8b58d2bc4a7744c3393602ad56,250637
0x32fe887487e27537801bf58a5f5c0e1b4ed518b4,250637
0xc0e3902ab00dfbfcfec65e64e2a00c891448b945,250637
0xf9f02e4370e4838d5faf2c781174e6853ad4ac9f,250637
0x1f53c0bee870c2e8b28fefd1353edbe6b158a845,250637
0x3179ce6681f2609635a184841446d67b1742db4b,250637
0xb24ffb9ed7b1af0b354c034d6ec1c9165ae52370,250637
0x65a79f485b70007006d06a3ab21519b296ad65c9,250637
0xddd24327b1956ea55dff2751ee5893d45673b00c,250637
0x498b7b7ddb5e057e5d055c4e59f839dbd6e26ff4,250637
0x0b0fbff35ea0f1cd416bce63577651a39c4542a3,250637
0x2e91e67852584537a3055a2ccea1d8495c20a729,250637
0xea2ee827bc6470e202950156c509cc1623b6da47,250637
0x66420349c407c3b69e75b2352a00b7b351218099,250637
0x33bf10b2b4a57bc20d955c00b2f735897124785c,250637
0x81b98a0e207726584ce1ac687fcae6059b35ebcf,250637
0x263ea0a3cf3845fc52a30c6e81dbd985b7290fbf,250637
0xc78d156d3664a6eafe067b2c69f9774ffe1588f6,250637
0x212a057d6d59720c218657868218ff14f2ceed5d,250637
0xf08c831be98b0e4482bc9411b435664ea3f84ce0,250637
0x88e23c83417cf07e9dcdf13ce0a19b4650cf7b0e,250637
0xd5c2db008b969c4ef65ef1b625d0f7d8cc480240,250637
0x5d1f069e93c84009d9423bfee5dcbeafe7379051,250637
0x49849b2d00b984c14f5e0a5324e17339130c932c,250637
0xf205e19dbe740db9d6c721873b994338e47e08b8,250637
0xf4c172b6f3bba0f78d95a85ff990d662b8ba00f7,250637
0xca3452b0b80a045fbd109a6b3d790e4c25c5cefb,250637
0x16b75c896244a65a698d40b5813ed30fa450776d,250637
0x8d463bbd83bcba4a9ed7b73156736726ded8b668,250637
0x085f4113cf863eaec7aeb1f7e89707adf34ce3ff,250637
0x2e266194a00c1001ab891b9e185a63b3ff314e73,250637
0x24c745a1444d135fa4af50236e45e20fa98c0223,250637
0x69c9939281ac8ed599ea8008b7a0081f4b28b5a4,250637
0xf1095aadd292d86f87a8ced6a9c33937805680b5,250637
0xb75d83263acb2e6d42dde1d59cb3623cc2fa3de0,250637
0x5eeec4656d5883eec2f34715a5b2ee1d008dfbb8,250637
0x7777d50bf0e24c68014fadf9e6781cf48a2ee9db,250637
0x4c859493918a18ff8a001d1da524965c23296b69,250637
0x581ef0b9ff9a5e43d00d2cc9e59cfeee093d0e07,250637
0x8e1646a9a974da99b3b57c7035f4246cced5568c,250637
0x08c1b6540d16979fa9ef79f0be6b73b6fd0e03c4,250637
0x96b184372cda0093299dc7561213722f9cc96869,250637
0x60a1d2ec4d939018b02a80a24d104c90b79c2fe3,250637
0x96245e3bca44106e4b005dba0470e7a89315dc8f,250637
0x1ea8b83acbdead9fed9060e0d810eedd674c6b9f,250637
0x3627d6cf6fa9ea08fc6b6493377dc37b2cf5ab36,250637
0x704c8c855765b4c053cc2dc02b3f318caf2ab732,250637
0xed590b8c0964177bee6d871fcf88ace53eab34fe,250637
0xe9825fd47c5d863b1aecba3707abcc7c8b49b88d,250637
0xc73b86953e75552897a592637a4ea46a740027e8,250637
0x14bd5b87781039d5d81add3373abd17d53f483a0,250637
0xc1491119314d67455f50ab9799d7bec54ea681da,250637
0x3aa131474d206424908fe767fc15b201327ed014,250637
0x0b44fbb992b7516b7cce5ebe2f042630aacb3a1e,250637
0x854f09dbd7c9fd93b52a1947b3dd4b41582ffadc,250637
0x401cc1b6620e30ade449bb8f593a0d0799fbac93,250637
0x53ea003958665b3f9e4d5bda0a02f1d8ccddf092,250637
0x391f1373a40a292e5afe07f727e5bb01007c35ac,250637
0x14841e8e86abe1441518a17a3121e48ad725a4a0,250637
0x9bd06337e6642dbfe50be210019a98d6fab63363,250637
0x20b511bfcf9461169e00420cfa23ef231de52a78,250637
0xc17d2a3c98514eae0ce1b19cdb7187568d570e63,250637
0x5fc6f9c06af73042df03466c0e255ad7376a79f4,250637
0xe8e752574102ba4a19ca287a44a516f42d9f2d05,250637
0x5ca7bb319e94a18fb30695d4928dfca33967cae6,250637
0x5d619f8c6470db85963b3007620423127f956183,250637
0x6e2f9f4e09288b7c87c48df9f72d51beee1f8e00,250637
0x0e3cc9b7f6795be8b2460a1226d6130d6d1a9ff7,250637
0xcfa557ef7093d9cffb52bb046af8fb9c80212cdf,250637
0x8946d9249561e9a4523eab11afffa8f4f1464b73,250637
0x270c2dfde30957dbdf12f702ced8fae2557dc7bc,250637
0x97be2fe230306ed2e5aa2c04ac46fc098799b0b1,250637
0x3be860f19b06e6f25f84b9595917dfb822fd6e47,250637
0x9e5d0dcf8a08b19064b4171bdf8cd66a6e8ca7bb,250637
0xc9f2a5115b727849e067da85a0ff422732a358a7,250637
0x4ca7616ad965b3a5b5d5b45dc197bd4b9b67b9b4,250637
0x50cb6a96527940d726411fcf23de4a041e0d2bc8,250637
0x19dbf5ad9548420019be063f10c26ed930b1e000,250637
0x7bdf81fd1d9197b22bc2027b7878254fe47c750c,250637
0x4aaebfb6b0115d74abb15e1804d6bb628823cefc,250637
0x60485b99568df4a35664533b14be4d2afc16f03e,250637
0x30d9cc31a185c034f60b78adba5fa5555a6549e8,250637
0x3bad860aeed7a6e87c7066b0a12db7b610ce47f1,250637
0xe9763f6bdbfea8afd84f353b6563c79f8ee2352d,250637
0x74a2682aab14963622425e313b9acb393aef4799,250637
0x36cf19b22c5d3c6345319e03c3ea56ceab9181a2,250637
0x4d0011b32ef0f2505f85b5416608631bf0432e3e,250637
0x7c3cc96c9a665b4acdafd28ee08becda94ac7c2b,250637
0x752afe7d27c5e002e5c36a7bae51702439248fb8,250637
0x6d87084c37013e256920a2ae0b479c1f97d18b95,250637
0x420e0cfbd90444ae9e2e00817c5e3f50916e4f0c,250637
0xa3df31e3ad2b2cfc31b7c1af8863e92c9659ccc9,250637
0x628b0a215680a13686f178198a272fb946b41508,250637
0x590ac73c3f980799f2aeafeb56ae2b82362bbfea,250637
0x790d6e629d3161fa5216fbafcdde19e8b66edcd0,250637
0xd56ea0c2a167ddc8e95c1004cbdab2b4ce892fd1,250637
0x0dbceb4871cace17c817710cf1be3f315d1504f7,250637
0x46c4e98f599c4065c2e0e1198299127ff7eb391f,250637
0x475295cbf3f2e18d6276d5301b483c3a592c65dd,250637
0x3446ca61ceb2c75fab87261402255b7190a62312,250637
0x4793cdc6e1b9d74191d0c1d9d14814aca8905eac,250637
0x45abc42a92017e941a04fc3e04c099a5f5d337c7,250637
0xae03c838886b4f87db858b2f6872792365ff7a8b,250637
0x2c40fe7a9b4f7c25ea0deff809e57d8d22478628,250637
0x08affa58383bed4d64e864e9d0e3481a6142b915,250637
0x785604af3b5729d9333ba2c27f5adc11db342b5e,250637
0x7509cc94d13ff5365cd1159d0cd0599200b16041,250637
0x21c025f18d8647f9f41c0574ff20ca7901cd4cc0,250637
0x97f48297ba09a64b50fad2eca69ded780780f0a0,250637
0xd811bcd39e8f3d9db45eb503cbdbc99b8672eb7a,250637
0x20cc7a1a1e5630b5a962aa9acfa2f354c4e43e18,250637
0x8b0d90fabdc4819376767ca5a9649878c620caf7,250637
0xacec35b5358feedca6d0cd0d7c4126624d910afa,250637
0xe1307a6a1c2f4e296c021fca560a51a2c9a68945,250637
0xa87dc33c97d44888a1764bab789a9f696d9a570d,250637
0xc520c98fbbb25b26479fbb825a461e008f78f7b3,250637
0x9cf5d841a099aa343a0c2e49c824817f68b203f3,250637
0x94ef75038e8f8f940af7e73f999ca507d1e62374,250637
0xcb019d9f200230781492b008fa48c501da5512e6,250637
0x2865cc6cb29708e40e6a5b87aa44de7520bf694e,250637
0x12e42f5314b586304bf5b40cf07d3b7d50bf2d27,250637
0x90d1a21f677c628a46bac9aa96edaf90b3d8a110,250637
0xbabca76351ab697b53a9bbc818fe1881375970db,250637
0x073587790ae03769e38f221ce27475d213cc1cb6,250637
0xa5fdc9894d3eb9a18836623bd12570b272397e76,250637
0xb4065b5c8285966fcf307a1c8e85873acee75514,250637
0xcd8d113d74ca1e5b1de8328334bd45b05fc208bf,250637
0x9ad0ef5065c841a12ffb8511dfa371ec99fab440,250637
0x2a21b4174d19ab9b3d98fff168fffe1c8a7af288,250637
0x50d2da97025bd669396a902beb1272e7f0756e6e,250637
0xd1c72ce2a355e682a4f279cbcf72f18398863716,250637
0x416a3427414b6c98adab70f48a2a904d1cf3f446,250637
0x9187804eed28934cc59049297162554a592e96f0,250637
0xba1819225d0180a7cf2ca05b9dda810c99d3bfa4,250637
0x607096cd6b9f97faeb624b21186598fe14be6e5a,250637
0x9cbec0bb195db1fb5b8a32e629ab30e6d53a5c4f,250637
0x02a890bfd5eab2d0c41efd2acafe46675c54cbc3,250637
0x47da78fcdab9cfd526b9a7067738bd9e2a420fa0,250637
0x14711a018193d564bd6677001722de98176e3ce7,250637
0x52503cd057090d826b455a07620c9501bd590310,250637
0x3a7bd7c19b76bbe34d26e7603fd2581ad55ee421,250637
0x32843cb7d41d5db861c58199e0fcece1bd4f0d0a,250637
0x6e14e33d7719e36b58df105385c153a79df80ff4,250637
0xdd4c7f507d86665efd1c6df75e14e11309285d26,250637
0xdfcba001c721fac4495371fc9fae299a36ac8ba7,250637
0x66ca0ad3a3a5fb2ddd35256de9db1f6e02b57c27,250637
0x902481f9d5925fe73891cda808c15c57b15fe550,250637
0xfd00dd128abd1de1fbf037244176b1bc1f3bb92f,250637
0xa9a34231f2ec1eb33e187519bb3eff582eff93be,250637
0x020998745ce4d7f5fe916a4d18b541cd423603e2,250637
0x3df37a9dd541e34b25673edf1033542495a2542d,250637
0xccf9e8b1eadb5a5799391e28bb873b27d87b93c4,250637
0xd33d87064f16bf38a851610aa3537c2ea7379b25,250637
0x930822705d77f778b9f025628b25ecaa314e89ec,250637
0xcc65ae7d31a620e9551eac84db493157ad26ecbd,250637
0x7ab80381a38b52e5667d8a92b263be467b3ca0ff,250637
0x75f6728283960ce874167fc97c5ec1ca2f208d14,250637
0xfda325391d052c725aa5d7f5eaacbe2121fea657,250637
0x2fbbb27dead81d292996b0e62b4c21cc7908698a,250637
0xa48504df578064affdf197ccb5b83eaf974fc95b,250637
0x9b9634f2d51b2f89ede300c6c1df9f02782df62e,250637
0x91aef32f203ddf97e21ca358921fa2f070acd624,250637
0xf3403a061cf4f5918b26375dca1c9427d3d76bff,250637
0x9ae75101512d8e080b6c27a63cb68f8983783bdd,250637
0x8c2756f9eb70f175d64b760299ed25da505b3cd1,250637
0xa2f0959f19d243a8bbfd0959a87c91fea00ae398,250637
0x92efab3491b78c27277988eef6722bd78407a7a1,250637
0x55a961e9899c9f4c9f13ec1dfc7dc8a343fcdebf,250637
0x0d5ff0aa08e1b7738f34c48147c26469579cfd9f,250637
0x3e06c3fa5344faed1c0544426cbc3dfdb393f03c,250637
0xaea898ad4d37f1b7d65a5291dfc604b10a216695,250637
0x05cf26c914c3d1f8431b08063623b7bde3b28d27,250637
0xc958b5a6dba8c9f92f93715e0d3aa99b2c7185eb,250637
0xcc2c496fe81fbea01f05d03285010c031e665038,250637
0xf5b81786f196163875e9e331810d7e02ea3a7432,250637
0xa0a9ad080abcbe33641cd7fa97bf3d205f1980cd,250637
0x33670a323fd410121c73ab4591aa77ae38507e5c,250637
0xc7fcdf23cfd8e65dbf412f04070d45eca1bb5025,250637
0x58c702529c976110ad7d15341c46ef399011ae26,250637
0x59331e38743be3b23d40ea0587e9a1c38bce32e2,250637
0xa75c9890caee194fb598cdf7b84c9610e6e21a12,250637
0x544c9503604c450195f2f84b3549ae96f02db31d,250637
0xc8f4d87d4b3ed021102c00aebe20d6a2de67b0cb,250637
0xcad79dace4d6dc4e616eb6bc6b6ada5d28f574f0,250637
0x8a811eeb8e6ad0104717df97222b463c4ddac50c,250637
0x3798237ad880254343a1d23f30a7ef6090e6edc5,250637
0x35ab723afb100ec08f181bbad189d289076a4cba,250637
0x846de1ac3efbb1550e706503848c7d76919a224c,250637
0xf4613132baca9aabe16a04ed388e9efcf3972475,250637
0xa469175adbab0561acaa6fb17542f8096e6aa0cd,250637
0x7f9595df72e3d091f812d7da189ca5a46aafff21,250637
0x079189d323f2c95b1003d99d92314d6c406f9b72,250637
0x1ac0e125b62547d4e16249588e433e840bc4b708,250637
0x35a55b0caa6d9ea3d6e1e919e58971447e1f49d0,250637
0xe69f652f7833db473928cdbe79df55e1ea08586f,250637
0xcf2c042302d18f51ca99383759758ef5b0b43146,250637
0xb705ed63b3e0a0171449559dbe2eec8808c32896,250637
0x54e318e7b396c5c8a4bf5c26b6e63715059806c8,250637
