0x459d4e034013d893a9f7d39f153234a01a71228a,250637
0xdd7b11fa626b6c55216e27266f5ad30b98f19790,250637
0x2a3700390d172659289a08ef4ac69af7d5140276,250637
0xb791063e9ebcecd2c0bddd3a2ffe9cabb9bfcb23,250637
0x6df8429d3be269310e0bd2aa1257ea1d652f6efd,250637
0xe566c0195cdb337d66e026a0eca3870e2bbc374b,250637
0x58e6f89034d6898dd233095228bde1102778f725,250637
0x80fecc60150cfe2ffa505223669fa9a63b72f71c,250637
0xa31231f323b98537a4d42b229db788c9486463ec,250637
0xc6f23b1c61d87c0ba1e2b57522e915104c6c01f1,250637
0x2455231f7244996c19bdc6ca191b0c9158f47246,250637
0xe9c718dd5fd5861975fa4b47c90b76215063d1fd,250637
0x230f287efda784f1b4ef144196754e769ea95fdb,250637
0x8634992acbf2eb1ac23b88c4ee7c21f0a985ea11,250637
0x629de022cd3a88dabe245f67cc6d88cab6487d4d,250637
0x02e464a087099dfedd46922eadcad59277dedeab,250637
0xfda961b246716f98d928cacc924413cdcd984d9f,250637
0x130c61ac7d047743a9941c59b0d9e9c6c97af698,250637
0xf73fd9fd1c6ac0834bb33392a88acf390bef677d,250637
0x12f50bdef0079c27f1d3bc09505e18a9fa6b62de,250637
0x15c1473d021cb4f73e57919d8d01bfc33c47c625,250637
0xe45ecc4562d9815733fc73167cca87c30b463d83,250637
0x83650ee70cb3f7759080555ca3e5e5c2aff36959,250637
0xc8801ffaaa9dfcce7299e7b4eb616741ea01f5de,250637
0x5a08e736e948159777b9562086d47ff348b3ac86,250637
0xa40e6fe014fe37a07d2ed9bb215fe9b0542fd0dc,250637
0x74f17289edd9bc06d916a81c4fabf3d9aadea9ff,250637
0xbd7341bceabdc2dde97e3a52d53bb3fa174e00f2,250637
0xb9f463e47f83734381c9e9db4b22a55606eb551e,250637
0xe1ae5bc9ee0757bf588e8fcfe98ef408dddf54a8,250637
0x4ccdb890d0e3af3afd588ee568fb49e4d46703f9,250637
0xc10140d9a9a27249e526195767fc38344b5e2300,250637
0x4f7c7280659b9fffe69c514e28d387b70f52b9e1,250637
0xb8b756bf5ae67deccd5ca20c8d545e5bcc84e9e2,250637
0x80576a41d42df4d4f52470b9f8da182d4b0a82bd,250637
0x78aa8a1a8889c9e0daf80e3e181c404c0cd34a99,250637
0x915b78ed86fdc82973d4d3fb9dfe9d452f54b0ed,250637
0xcf3847f164dce46b2df3b152c96241bd5b2bfc75,250637
0x04dd211ba129dcb6747631fd627567ac483757ce,250637
0xf4ead3af4bf59da8101af36aeb58829157b73ebb,250637
0x564d5d7ec5e63a56b0627867436bf8c068875941,250637
0x106b3140e45c6798aec33f740ac73d7202c0d7b0,250637
0x8468328544ce464e640fbab4ba6ed9de0cfb16b1,250637
0xbc4d373603e725b6fda6f21dcd523a60ac09dffd,250637
0x74acb34bfb694a57ee3ccb527102274bdd3f2471,250637
0xd24d15ef9e4d48a0a15405b75fa80b79716ab270,250637
0x5b250254303a20e90eaf47951e3e1f9491491130,250637
0x86d5fa682c3b65ad083f11a1fd4fc194bcc2d0d9,250637
0x12b52396df0a5f9e42744307942bde1b14cef783,250637
0xca29b3168315fe1c6f4ecf9cbe817924215deb77,250637
0xadae61ee19e1d975511e9560b094bbf361ad38bb,250637
0xfe0581fdf1e1fb2d69c5ad2f7f259be90c0aaca1,250637
0x3e73095b686f1afe7a2c5aabf7212fdcb6350f2f,250637
0xc9e829d0810f1e3ad1d84c1adb655678edd6b901,250637
0x8e139ec2b20b63d012327cf13a0daa9dfc08cc15,250637
0x7a785b3d72aec7845ce9af2937a17a329b6ab0cf,250637
0x1ed15bbac48a4a004b7eb66a03b5b77787f28368,250637
0x4e0afbda51c7c567a106389bba338446f15b7393,250637
0x80e79a6cbf9b55731690c44089d7d73a2efeb7db,250637
0xd11e3e8815ab3bc592a032bd1b56b01a89d83a66,250637
0x2b7c903e6cc13260701c0e4fc4fffac322feef2a,250637
0xb47cd85bc395871d24aa13d7cc8d92e3f8b12104,250637
0x81d0e6f81a0f73c63992015f9ccbcdc5c5e757c5,250637
0x8c708fe287d5c35fee545c5c0d55e5af8112aaf8,250637
0xdb525f4ab8a476de40596ee4e277deefdd3b70e0,250637
0x21ef0c593113c2445dec53779890bc700eef1110,250637
0x1a34a3aa9808ddf21259cbc1d0dc2a2f3b084e43,250637
0x2bfbf8491da842ea947314d2f603e3e2434435db,250637
0x0d78809b6c8daf240467639e0c5d12a6c99f457c,250637
0xfeec7d69854dd820c44e1f829c7843f3eef0b80f,250637
0x309a1dfde285e7ad097ad5ecee4e1c0f0bff05c2,250637
0xbd7ff4f051505e78fd6148d7120a02c058ba0ab0,250637
0x21ef0ac96478c5bfbd1c8220d3949f375632df82,250637
0x5e9d2dd1945982a57c9475b0b463e668600e583f,250637
0xe98edc5eea2fa8a84795affc2bee77dd2cb7d58d,250637
0xa84717d082c1ae7d40c1ce03e7f6363029c637bf,250637
0xd4cf8bb1cc3bbb71ba996907fe265778113f88c5,250637
0xb226431c740cf1313245e994b6ab9a4f4d041cc4,250637
0xe3b5d677199000d6f2d71bf9dd78a2c86029fca5,250637
0xecef68ff33e9df7676169e3fd604868b8b60b8af,250637
0xeb6eece261547e3a43d0121613f82aa9df4c38b1,250637
0xa9c1c36136fc1df806a3cd1147489ea9a4ab9f25,250637
0x61d7534b026341299c6c616960f27477acced21a,250637
0xe672bf5021c1c291fa0acb011c1e150c6d678d9d,250637
0x234c3100dca6e005b8cbfe4f97a46668978e44e6,250637
0xebf46b840bb157591c63eb4d121c37093ef3a35f,250637
0x4028280348440bab945cbfd96c86aa2087e1188d,250637
0x64f4f002138dc8c594ad2544b6f0f467ee5a5f21,250637
0x6ba0b0a075a516236e85d4eee05aadb23542b89d,250637
0xb34320c6ee3248163e69fd7c8b689c4862f59dfd,250637
0xee08b57645080acec2cc088805cbdd053cc8c7ad,250637
0xc9e60767be3c0e812301ab2f38237ec52b56a009,250637
0x087ff6918b69c92e1624019aed53c5cb33d07b89,250637
0x54d084000d7efe2e890252df792b21d48475e9b1,250637
0xb381083a2dd2dc845c04e1bf71ac19f76c10c2ce,250637
0xf91312f498f92ed911d46df696f4efe27fdeeb89,250637
0xde01e74a495a65efc4c6ac050958f028c556d6ba,250637
0x070fb64d385995069628382865bc8f88bf34a5a0,250637
0xb2bc9dbeabc4e49912458fc1d08227805d27b8e3,250637
0xeaea1f523509ff188668f6f2f31aebf5d7502821,250637
0x2267b10ae388e60e2bff5bba1b1b9f3e64dc3aba,250637
0x26a3b3a0aa0e8038dde0b6f14e9b24aeeb62bf92,250637
0xfa3d887fdb4e72a62376d90d380c3490d0cd9eb2,250637
0x4304e160c77467058f68d4916a66ffccdfc2143b,250637
0xf61297ec368dfe79bb051311b9826d7a719d7ede,250637
0x51d6282a84c13513d2b5feadd4fd675c95f9abd0,250637
0x0ac9e2e14aea75a18383fd6cfcfaf72de0bb0cb4,250637
0x49e559dcb2d88c1824ad2b13adfaca1667f7921e,250637
0x515b4ff55078066ba8b025a1e974215084fe86d5,250637
0xd040a745b73cdb8bb4173f3ec36eac5a1f653a67,250637
0x6124a1dc21b8a2fdf5ad0f9be6c08edd30b16093,250637
0x41498b9edb888e4a2fe0384d76fa248dcc2fa0e8,250637
0xec27646f397d629ff6b82a5a3d1c977d84162e51,250637
0x30c09d5f2b25f939a8259d2ae84045541d095bda,250637
0x54f3791cc9a6c85a1df327c5423164626939047a,250637
0xa3325c9efcf3a36ec37979b8f8397dec2c02177a,250637
0x32d634f61a1e9a401de0dac7ecc87738dc99c451,250637
0x60b248cde4279063380d5fe22a0ff86958ce855d,250637
0x1eef0f2d9fa2147bd58bd0702c75a0131e89b90f,250637
0x14d732f3b8f6c8b6a9aefb7c14a139aef1dd029e,250637
0xfa5f9becd2da45c81a8e3b08fb337a19edeb54b6,250637
0x10332db3b5d36c881f500e78c8ab84ef02cab659,250637
0xe52414c80f3a160c22291a3d45dcbedbf92052ce,250637
0x8ba52452f844096515db5a1fd9656775e2f336a3,250637
0xd68d639cfac2d9e02fbd7465d8862b4cdec2f786,250637
0xfbb486c53f209b3f0991a6e77233d367630697f2,250637
0x6de80c76fc24241fd899b59fe206f95ef1b74ad0,250637
0xe9832947caa39e5a25dbd28af3ee8f3074cc2ee6,250637
0xc8e421286e07fc560e297f33787228d08068e888,250637
0x27a04fce9a2cc14fdaf57dc94a329042debc2a17,250637
0x17bdbc6c601cbf4a946c9125bb5fa7147e450c80,250637
0xe21aa82e51a70f5729b0d71b54b5c4e0b23976f3,250637
0x39ffa54aa3a088f3d377c1ab3adf43813d3fba77,250637
0xff42bde5f7a348f4cf1e4deae9ae4945a3c0ea37,250637
0x6811a3230a95307e68b93f5e49ccd1a080aedd4c,250637
0x183d95d393490f64d35cf0170d1310315d1decd3,250637
0x1014a8ada1a37c75d2d59b51275f94c3a08baadc,250637
0xf18ca108a3981e7520de4b14095353220f15d7fd,250637
0x4b33431568bdcdfcfac17ab92e89b6b1743e5560,250637
0xf46c31711d5f283fa3504197c9b0eb9900dda65d,250637
0xa363569a146e74ae0becb4b1c4be3796bc22576b,250637
0x1b6e02ad75e6555f34cd2be93324c978e59fec04,250637
0xa2c2a3ba8beb916ebe0685cdf285ab3a0ce359f3,250637
0xcaab066d752e85e2e0558f0eacd988d351850a17,250637
0x96e3ffb1141759a754b1757fea0a0225c7a214a2,250637
0xc4217084adb6aea4a1a18a5cc24c6b20ea46c1ff,250637
0x6a7bfaf075e1c4e216124334289d941eeb3214c9,250637
0xbbddde6a5e0290ddc0641098e96e85eea6bb80df,250637
0x65739c83736efd217225b20793dfb7de395a6748,250637
0xb58e2061b6ffa8505acf5d70d60bb15c40814716,250637
0x4f18d420539b346b0eab6b87f85f4c18d597f29f,250637
0xa1294c908f878bf38da327929c0914e9b0e6e40a,250637
0x5da777269a4544eae1f131a06ff158c030dea823,250637
0x048582dd11e40bf564fecf264680f8cfd7aa1878,250637
0x560a8ed285121a1bc153c42b2d44d957340f1200,250637
0x7cb61d47a1d3470a9d73404cce49d12fd168757d,250637
0x08c3b005de8a050cc4db72fff47450e7dcdf26c1,250637
0xb377436adeb85cbebcf819adee61b35132388fcf,250637
0xe0a277acc8e7613f4fc68e85aa066e92e5c6f055,250637
0x153fe6cdeed3b32c81bb7004bab6ab6a40f9f800,250637
0x7f071a55a0e1f750a5a63d4556bf24fb072542ad,250637
0x606348ba7c8dfcdd9d4f74d7a192f3f55c19b23d,250637
0xc485b9ebf8ec43920f4177eadfea66b51629c497,250637
0x59a525dc0ae530589a317e80e3a8e3caf1de4ba8,250637
0xd7c59d1c60b5cea9fea17fe78c1de849584621c1,250637
0xeb95c0215a875caf472b3d92f96dbc24a3dffc2b,250637
0x34f16ab8bc125de3467b9c350dcbacc5a0f49e8b,250637
0xffe2e2093242786bdfb28b345466485206d5b60f,250637
0x0ec4461931602a26b325087824d4d75a8725a0ad,250637
0x15a320d637326ce0e2b299ad956b93b686846bce,250637
0x2988145148646666994d042a1be1de1250298f35,250637
0x6b8dbd07eebd0707b438c43609d162493bedb92d,250637
0x7070223cc29a72d5ef9b6b59da7ea2381678ad4e,250637
0x158e0de0636bb3625e6e0dda326e733fee96a4b4,250637
0xb5f55510d0e271d2c67a11c760b5efcb1eba82ba,250637
0x98eaea37c5ec6fda773891f23385080095f16985,250637
0x051720854e285ab4e4ca7d4739dcfc188a151360,250637
0x170e9e20705301bde7331cfc5a25ade377ad0cfa,250637
0x71edd0e4a453f7e3541e9f5593816bec65c48766,250637
0x930e1564345d042984c5a829443e84f35ad1df23,250637
0x328bd42745dfeab4db0970cae2eec975e22123fc,250637
0x452753a177e0694b832d68b4c5e1a67b8befc820,250637
0xc29b3fab28c3219dc0129cf1591acb0f0198ebce,250637
0x71c649134611ca6920cbab80ecd642a2b079b9a9,250637
0xc397df19c9775012ec5ef4b79776eab91d884b8c,250637
0x40b5088b34c11260c8d21f26fcef902023d56451,250637
0x4310c0366647b239afc0bbbbabc1d3cc885dd11c,250637
0xc8cd0e572f50dc681ae8c22968dbdbdada880498,250637
0xaa8e1107a686f6cea3867943344c3a479ee58ebc,250637
0x71478ac0978301c7243008b4d26cc5b1500f053b,250637
0x91b13a40e893211cdc8c400dd3be263c33bb15ec,250637
0x90c59078072c666944040fbd9cc9dd49ad60c034,250637
0xd838395b6a8d254547126ef4c2562b2da750bb3f,250637
0x4f28f213b903171584592c649a1d1cb93cf7d374,250637
0x71f1763ba9b06aa106935237b08f44218c43eb64,250637
0xd05b872a421a8dc08914ccf5bba36ce6313ecad0,250637
0xe3aad98e1c3ad14f27f9594b9359ec64a7fadec2,250637
0x25cdd367d0d552e7335593cd1d90650f3a6f4d1c,250637
0x37dc3bba953cd105f9fdf81a00b732f631d00321,250637
