0x80eb0fdd9160cbb8eaf83be27154475dd5c580fa,269696
0xf366fe4168c7e2e78e12d778dce2d009b3b5918b,269696
0xb2d0761b930f05636d8665f86ac9f1bbedab872d,269696
0x63e2f9fac2ed542887e192cf22dcd94b0055c823,269696
0xda41964a6e7d2c75869775547d849d316d6084ec,269696
0x97ac2c8d19cdba5ca57f66094478f7c65f7d2030,269696
0xadac054b39d841b86d8c18811c1a1ded6e7b8c0d,269696
0x9ad419696800b50b21b6467286a83d5714792924,269696
0xb6af146138ef04bd3a2ef6a5cf656a1d9f857708,269696
0x6de1d47dd68deff9734acd3969893bffc127626f,269696
0x69c5577ccbf353c23a3f7444f202ed0a7a7d322c,269696
0xb2fe871ec807445e0493d621d84edc91d299cf0a,269696
0x03ae74a7e2960fe90c2ec00a26599feb9978b577,269696
0x0ca3a810bb3b954d846f941a3310d6f7b8a2579a,269696
0x63c9a867d704df159bbbb88eeee1609196b1995e,269696
0x8764a7e84d8b0f5f1063fb0d140e8a076989342e,269696
0x651d0fbf6ba4447df0f2f61783f9941a43181e2f,269696
0x9466f1ea8dc07e7456d1e239a78621a0e82f0a15,269696
0xa32abf002ae444eb95e0df330e7a904925b8f4b4,269696
0x7cd7db276e309e0b179cfce34196dbb9aced0848,269696
0xa32823b5d94c6cb06d921c09d6b50d3f7a6033d9,269696
0x4354e1351ba9c27788a8e9c1d017c1c13cb5c725,269696
0x4473984f9cec3b29ea8837c21d81e8a7d79c171c,269696
0xeb6418813c49c1dc117bb26a5ce6b923a1cd6fd1,269696
0x3bd3a113cde42429137436b5c91c0ff04e3e470c,269696
0x481813988fdb6acb7af10cb165462f11f4dc8644,269696
0x83332642c507a55fa770817584f86b642b0442a5,269696
0xaeda368885b3113fb06f85ff9f2b1b94f03177c9,269696
0xf3723eec593ba91bf60fc1bc640e851e09e14d1c,269696
0x0629622a5e9ead56e01440706a36cafdb215d2e6,269696
0x0a870d1b92a8330bfb00a8eb65b882896e1909c3,269696
0x0b2d93ff16010e844960366f47051c36fa1bc371,269696
0xcf9c2d556361f05980d2595c60194f9b51a8402d,269696
0xe451582d86b264e9397252ec540121457d315575,269696
0x7b437efa897fe374a7debc87e6c9c481990a017f,269696
0x8cb20d25e5d2bac7cd75aec1c4855f1f095172b2,269696
0xa0701143b0253cef0f66294123837f3b0844a62e,269696
0x37dcc02b6a1a56d50a62f584c8c39ff486c1117b,269696
0x4693e98d6db7e61a26a52844370cf502bbafafa9,269696
0x319d5b68b095be815761cf62d995817e80fb3e54,269696
0x86654f850d747531125753ca48d90426a866f5c4,269696
0x9d013644a1ba16a66a476df4f94adf619ac15510,269696
0x6cf8d194568c54ceda4b0dcc148c2d75ec25de5b,269696
0x68eac4a2e887e7ca3d44e6f91c35159304564532,269696
0x7702466bfe68fbf293f60691707e67ab21f91332,269696
0x1525335622edc85851ab065ed3f045e95221b5ac,269696
0x52128ecc066d3ca47371f4fab94799839e96062b,269696
0x61ad1b9175e60b03b5c972048469e75851c533ec,269696
0xd414f652c182d97857925842730d559a88740e15,269696
0x897be7387bcd8cd2518ce3b61b300dbd59982dee,269696
0xf5ab769073b955d4a70dcff76634269341edd0d0,269696
0xf5d04441911ccaa4116a854d367f056944cbe6f6,269696
0xb1f39d618c0df17d0ae82853bb50b2510d66db8c,269696
0x6fd955504835c0cf5758f3170b2713f654cdbe35,269696
0x6aa3cce6efba3a11cbaf1425332b1b678a37d779,269696
0x60e2a0fefc67de7485704b3c818a48ba8a9948c1,269696
0x9bddce4fe93632215c67ff5490c0e2bbca43cd54,269696
0xebe7579dcc33b37adf934f639207785e52f319e7,269696
0x40291edd06007a82b3b71c9d94a68e386b5a3168,269696
0xee0cccf2b598da3744b197372cfdb1e5e12a0048,269696
0x24514fc4b05e6a915626d937bed655529090a823,269696
0xe71d7a01789ad5124f656b5c651c0009f5b84c93,269696
0x5a59c25409d60bbaceb5222c936bc40ac892db67,269696
0x209ef593b50fe84c3c547aebaf9fff2ea8ea9485,269696
0x27e45236d4b4382b6f81f990a70987d69e1f5f81,269696
0xa23590698503e094c4f34c7aff486d63b91b378c,269696
0x95fd7daf59f949e270b9116aca580f49f3be9487,269696
0x420860d2f660cf743279ac3caa8d4d6f0b1cd79f,269696
0xed18f63c2d88c5ff33ce89bb95f413491da834db,269696
0xcdceba0ec4382d47224d0eb3ffb58f061377cb01,269696
0x896dbd73ae28e8687f571b9e294ad3d0deebe334,269696
0x1759b4206bdf553cf7a01e2c552fa9596198dae0,269696
0xfcfda35a51b245639493649ad13b13f29f3b4a47,269696
0x48ade7149e6ba9dbef6151a3509c8165e108c50d,269696
0xac96412077f4df43ba32caa468e73752b4877c83,269696
0x8a14f84657c2d6387606bf94c03d956cbaf55478,269696
0xf6a9bad6caea9dec2d5dc22804865cb522bdc2f8,269696
0x0a56b9c9bda7bd5b8608b9d8ee25cccc0157d237,269696
0xff9931a59fc373bf2289aa7e42d27a4e74e6ab92,269696
0x951d8580b06d2ef3d36e2209c4b79a37879950e2,269696
0xaa0a13c743df84acceb03896ccac1fc94d1c2e0d,269696
0x7bc00a902aede61e9b4e3cd98fe98a96189b4204,269696
0xf2f62549cf1263c8ae8bae768cc35958ac4d8c35,269696
0x2da0d57c063b4936255338d38403e32262850d2b,269696
0xd4a3a2c7533a0b224d4584e6156579951cecc617,269696
0x3eaa3be1398a8b31d4890558a2a9bba49f9a5c18,269696
0x420766d1656718173b2c62837ebe6375b90b0918,269696
0xc5c3a55e4deeb6967309ff93f57205c2106d7af8,269696
0x32aa588c1d0b3b2eb09ba133dcbc45fe14d0e002,269696
0x4f348999d71c2af24fe7b590c0d9eda20ee9d28e,269696
0xa92aafb4ce8c9596e1ddeb272287eb8275738372,269696
0x3ce90a6397741d3a9f63397a30436fb94863482c,269696
0xbc9d0e538eca63775fef37e1d92c94a8f1b63963,269696
0xbbaac6ed301bd1192ec7492d6f20bb9ea6665a72,269696
0xef68cd944b828e1c2c1ef706d469758f3752593c,269696
0x5e494ea673cf1b46286f58f98ca2ebc29528813c,269696
0x814973f53dc19df0e7d4283ec66deadc748599ca,269696
0x21d53b82a425050e522c373e49336df6707e1c61,269696
0x64cb29a876c3a262f359ad75d8adba065d76e5f0,269696
0x0fcf22da7e72d8fd5569bc0d25a43b07a20c61de,269696
0xfaf3d9f29eb3c452a5f55333eb30a71e05ca0d7b,269696
0xc69877ce9e07227d2084d8c7aa883859d3033006,269696
0x18e0af05248754011a027f9ece9e821e428510b4,269696
0x5f9058bac6aaa0bc7ca6fb4bfd6354420ed41765,269696
0xb0d8d3981ec0b2db9200d2a4ecba2c93e75657e8,269696
0x9886840d847f06f86d57044c2cd722ce09baa04a,269696
0xcabf581e6bd44e6bc6ba6dd881986a3072c905e0,269696
0x303fe4fc63938dd35d898c2b4bd02a9a9f0eaa54,269696
0x884a2d0075bad9bc70332ea705ac8ea6a7fa5fdb,269696
0xe53dd69bde0d84429462ebb55e9bce374e2f5243,269696
0xdc97290c05cd0c4e88103df28eb3b89ca430abcd,269696
0xfff51043159fafaaf83dc0e904bbdc58164b42f1,269696
0xe2f9dc2af6914b6a13a4b0c20004e6d18c41995d,269696
0x0b84807d61a5861593df976ba6c761ab24cf5801,269696
0x6985f685a6bd6d888bc90ed2309656f716f23067,269696
0x0c18d3d1a67d4b46a230fc67ff68608aa481ea71,269696
0x7522039bf005a38d19c9b574d8ed3e7d6433e7df,269696
0x358d8358144ae40a2a5cbedcd54236b6739f39ec,269696
0x4fbd4432a6cc4606bdaa83f7233da29cfbf3a4c4,269696
0x4121c3c8117f08808e5479460933cc9625f1c8bf,269696
0xd1a016dab2713025295ed903c66332a05987d35a,269696
0xe17ae1176c98bd1dd7560c19874e18df3ad0dbd5,269696
0xaf44f2884e82ec30eb0545559aceb72ad264561e,269696
0xcad3b5e8831f3c6499df08750b85f9e7a381712f,269696
0x7cc883c163abc1cb7cda256233c5f88c11be0174,269696
0x1cee112eb730b2576593cdd603d012898df35d84,269696
0x18db369c4cbdaa2b183d6bfa37e5d8c690f08617,269696
0x9c46450694119dfb446cdc3e0df5318b891db2ce,269696
0xc45abaa400aa55f5224ba13174a5f2b6c391ae8a,269696
0x8c992f7f0474f4bd0f54c8d576b6b8645b2cf7ee,269696
0x654b0bc5c498efe651cf4d9a24ee240f7d2d8fa8,269696
0xe7d9c12bef4623bc910d929de64ab2999ce1c5ed,269696
0xc5129735647e8d2f6f902316e47d06f81583c02e,269696
0x34f059f580fbf51b2f8d50924c09b1b8ed53fa39,269696
0x95fc18dc1b4e62917015066e8d277a89a721010e,269696
0x265d105f4968cb02468904ee00c2ec62a9058fbd,269696
0xd9a7437f22b8c9a35e0bba72a8d2a5f724591edd,269696
0x8e6a9661c53a181a0daa808ed37468f6a30b2c7e,269696
0xdcd243dcc8f587585ee2e592c215d31ddcad0db6,269696
0x4dd463896da5fa864510a0e8ab13b5d822e7dc8f,269696
0xe8b0371baed6f1df3bcad174ba2b9bdbf1a3918a,269696
0xe5524c73ae4d75fd9b21ec669b4a66637d9767db,269696
0x4758d38f980192adb856558b56e092a71c9539f1,269696
0xaed3013e97118eac7b7635fb32053f9490d2038c,269696
0x3dad0601f259a5a68f6f2381240496f168655706,269696
0xe76c1d7dec47ed08fa0ce71e7310cc91b3659c6e,269696
0xd27a03bbcc693508ffe16dafa7a797a3c72a3700,269696
0x90e52569ecece266df1c9dbbb0d5f9ebb78281b2,269696
0x0e6163503bedc78c11d10bd3ef0fe6fe98898d7f,269696
0x744ab3a6a05b7f612e6782d96adb75e59b9f4c21,269696
0x21a8eb2165e45160fdf3ab50172be7ae0d9f2221,269696
0x6375594b4175100055813039ca22476cdde06328,269696
0x957fcf2c4c60e38b53341289e78d18b22b442d0b,269696
0xe61d5ff391141e8410d4f9a736d8ecb6f8f122e3,269696
0x31b7f6ba0730d06601da71c00417a2d6d5c9df69,269696
0xeaa778f49fce2329ff73686e1320f867cc89317c,269696
0x1b14a4a306aad6eb86f6bbb2608c8c41c4a46baf,269696
0xc0bb5fee7b3a52229eecdbf412bc5a2429bb570e,269696
0xa72802e194ad266e134bfc702d1781325511d136,269696
0xd8462f4f73945a8fd3493f710f63dea2848969e4,269696
0x76716d8ce673245092c646d5082adbe0649e6db6,269696
0x5f971f1579cd0273919a067b53048f166842f858,269696
0xca806bc647703809efe8ae4c6fcc3e1320ae0445,269696
0xa3a97c660f34729d6a428a8bee75bbe94517c367,269696
0x719fd00bdf605978b738b8f136351ade719f05fe,269696
0x05ff5d744f7e3030049f9c3193f5d702befa483d,269696
0xe4b5d2717fec505d81614250cc8fd3abd5e654fd,269696
0xee06ce69b0c547d03b29dfb73bda45fd74bbb7a3,269696
0x128eee091219a803f0dbfebca08680abfb5cb2fb,269696
0xf98c300ae41ae081976bded82b9ca34405b00d4e,269696
0xd19de409fbe4cecedb5369f604b9640ce9335cfb,269696
0x9bf1d7d63dd7a4ce167cf4866388226eeefa702e,269696
0x498349c90bc32e5f1473fef2346cc23478c2d7b0,269696
0x42f9f333978bee79caf3013dbe667c3fe58b3eb2,269696
0xb51a1cc44a5fd65d0d88cf98cd5b50545c6f21cc,269696
0x6f5ac5aa1355dcd2b5ee09b888566a9de44eb1e7,269696
0x2d25a4fc717373afd9a864f80678e6c4ef0f84a4,269696
0x643c7f2ff73075fbaabf48da9874d8f3871713c2,269696
0xb88e06f19a3faf442291333928249ef8491bc138,269696
0x1d7be76c6520cdef4eb466f45ed5f29de7938598,269696
0x1b18999b8bd3e29760569e7c528a87984169b785,269696
0x6efbd47e9d44cfdf36120fab657586ba0abfdc08,269696
0x537e657f58cc097a2950debca70f9a944ed598a8,269696
0xd0b56489963891e9c51881aaad03a194cce5ac5d,269696
0x7c435294a1455b9bdf257f67402a5acb2a37b6fb,269696
0xc993547d3df8233cfb0c8b67373ece0ddc693316,269696
0x9ad62c02339e99ef8c7a09da1f23fcb590ba752e,269696
0x2b8ffe4ede8400571d0c3addba0219c122554ef5,269696
0xd47f1549b49c41577195f83887f865f0a67556be,269696
0x5cda5fb5b2dda467cae9b28876bec5a74e83adcb,269696
0x0ed0600a51d69ff3d1da826b7f8998a40d8166e1,269696
0x9f9be9bd2293df079f6553ecfb33d1102a4d2456,269696
0xfc7582b5cc4d03c309459a9c583c57e176193c96,269696
0xcc8923eb6f6f44a90747e24c90c7f986cdc95e8e,269696
0x0d6fd5bba4f727eef37a7509dd03ad991f038920,269696
0xf30b43593ac1aaf282c85b181be0c646127070c9,269696
0x2bc0dbc6b9c3eb9cb0ef12a72952523ec178c419,269696
0xf2580cffa1f1458f8e317a94ac42368a6ca61233,269696
0xec562516b0f577c02de1b01c57d649384068cd4b,269696
