0xf7398ded8cfef225ba9704e3b831052d49a65f7b,250637
0x36370424cd531cdd55b65eda34ec8bf3f164587a,250637
0xce436d79bcb89bb8724cc3bea205ec0b890bad39,250637
0xa14b1ec734580bc5310670013ca2d382d603521b,250637
0xa14b378f6870ab9d4718fd044728373ed6da64c9,250637
0x4b1c4c7233d86f7ff82b003f46a9663e6b4f4d2d,250637
0x5eda191e37e1f6af589bad79703945d1c06a0f99,250637
0x6f73e30e12c0f673b67b5b67290779dd2a160a43,250637
0x4aca0eb87c1083a56aedb9f8579dd551ece019fe,250637
0x8a69d055f499241392b989e598d8744946c557f5,250637
0x8d1585ca4e7c2a48514615df04d24913a3f1654e,250637
0x69c1e455bd2b2cac373efce629fc6d7582847aa6,250637
0x2857001521292d389675362bd9f63528351f9889,250637
0x6ba7b3ca7552404e0c58d078aab7294688a43053,250637
0x7df1ce230a2dfc3402a937c18c44c3bfe4519532,250637
0x02f6bf19172968c753a74bc48d68be44c63b9e9f,250637
0x3671b8cd73d34e74983156d21624e3e41ef19340,250637
0x2e313b7acffb95dcb9f4ce95ea4ea136dba02bda,250637
0x4ccf6f3dcf92592e738e1511003e59d235707504,250637
0x7ccf2c2f882700ee7a70d6ee20d9df8d73153f7b,250637
0x72912d4f84a1f398043ac689c6d4985b70de89e9,250637
0xf0ce674fed2dc968b94754e41ad4a5697f417bfd,250637
0xf7205e0990273b50e18dae9adda431cb7162422c,250637
0xd44d49616a41e430db0008658fa3da3199e1431d,250637
0xfb2da790ccb801a9bf6a98ad4e411246fa8a05bf,250637
0xa756b2b993f810419102f9ae836bfc6cb9ff3fc5,250637
0xf51e5a0a85d29aa0508894405d734bcf044dcb5b,250637
0xcc27b12272339b8dd22fa5a12da5dae0608e336a,250637
0xbb074389a249e1a4b94e7e995a649fa4eed8d596,250637
0x70a4085dbb094c2d30bbcba277003082a8231393,250637
0xf0963d1c834e6c7918eb1e35db73f8b704c95ac3,250637
0xb0d002277e904349b4fd36bd93075fbcd06bad8b,250637
0x14599361916cf34280a1c38c026c4aa07d13b8b9,250637
0xa724529e670600eb148bc8af9e6b68f9826887fc,250637
0xed7c17015009bff0d7e6eb70d632f3d3ac384ca5,250637
0xf87d6e0e6a5f320c243b4917b166d58a84be4044,250637
0x25a937b826e5c4d295dc83955a2b689456bcfbba,250637
0x838a29b83c4194389ecbb5bb46f43eaaa3b943fc,250637
0x1e76e800745d5e6cc76e11ea9ffde2d65b4f60db,250637
0x17893e0b4b480c5b250d282b254f0faca8f329e3,250637
0x0133714eb90d063a64ee3174350338699d134e0c,250637
0x9c9e8b5e3a387c1d74846efa8f0267f99806c880,250637
0x7b22de071a418b0e29c899fecedb4c95354fdb20,250637
0xfad221bcd9e5e536310b9f1b6d1c67810e8fe050,250637
0x0a60c6d9deeeb2501f4b878a5ae20856e0793c62,250637
0xcad5e03edcf1ac30889edce3f0dda887fc452d9b,250637
0x4ad765201d028b8116b4cf32e65edd46de51ee06,250637
0x3abc8fe7fe11a14fa60d94bf02b9374dcb74269e,250637
0x87c3636336518b75a8285c14d8c849f37043fa27,250637
0xfa76f3628674259bce714a393918e0f388606de8,250637
0x8d3adb2def66a9aec2bf95e34628c3b171f75e8d,250637
0xed75f4c514e7e98d869029a0c8339fb731ce6763,250637
0x127c76f7c1e58d6d5850064463c93a666d55f8d0,250637
0x26b1d079bfbe4e55021d32927819b6d456e9610f,250637
0xd50643957cd6840cbcb40a3360471f6894822083,250637
0xa662008855fadf29d8fb353760bad1761e7edf5f,250637
0xb5809e1eed06cda4e1a9569576b44b59ee861892,250637
0xa49e2b9b2cb14e6645e3c20d65cbb409aa32d11c,250637
0xc8631f18a67543883034dd9cd748173a684dab21,250637
0x756572429e2ca0e809d9d614aabc92b8608da117,250637
0x4bd0eee04800153b9df872cb5c912631b6a2d086,250637
0x848e800b51e3b3342108b40b27a35961deea6750,250637
0x299ae1cf729d25818f25621521bbdca5c2cf1aaa,250637
0xee508ea3a1798e3c944b3f6f71c4f336d7928116,250637
0x22a4064948efd834ab67e73387477660c2e80294,250637
0x64dada71e9675b1767b1e50839e90c9a68b83c2c,250637
0xa167153c15995af8d137c40fff7e7d942406bf5f,250637
0x83c9d6cb4388dfe1384dadc396dde389e96e4523,250637
0x8e1c3e270f0280fdee051a72a0c386bcde79e778,250637
0x81eda9088c3ea73dfd25a73e5bed9310dc50f77d,250637
0xfb868ca38a9d02d9cc769404f545066772904c48,250637
0xb115269223d0da56553ecc07117fd6ffdd609d12,250637
0xc0b674697ef4d7bda5333df2172745d15199e693,250637
0xbce521dd59f5af9d46b7a2ea3024e263cbdac5f5,250637
0x83d13ba987fa79bf7016399a397ce94517955113,250637
0x0108bc3d9adf246547aa916c0b1ba2cbe39e5060,250637
0x56d7fb7a7f9265a8e20247312124d4f657ed4341,250637
0x59d3abb922ed962ef6b28f2cffb8da95859adf0f,250637
0x94251d1b0aa5dcf2ecefc49727cb6fd1a721bf5f,250637
0x533ed3ed1451985d8af8ce2de0173c365d2e57c0,250637
0xac37bb8b9747beac1ee65e8e3d858e06943c1e66,250637
0x7c212fb41f3a264c092c4557525789edb77225c3,250637
0xe844fe2baf1778236a724eca114bc9a26ce88561,250637
0xb1668f96906cff8e556a7173373adf2e18913d4c,250637
0x9dae32436c8e1ade1e6cd0a9ee805c2fba82d02f,250637
0x79000bd9950ea5ec243e635990bbaf4760d4ebff,250637
0x73dad9ff7d33fd7126e1558f2ed7e024939b1644,250637
0xb5de6320e77a5c3e4ebc5e116e7b041e917d09f7,250637
0xc35e944b53b1fac3342817c78b66b6fcd7de5f52,250637
0x6c84adaf8030201e2a771054544bc56163cefde3,250637
0xe0aa8d6fda42cc69961330925ed81b76d4939d86,250637
0x9f5cf7325b3144fd448ef177611f5e39d54374b6,250637
0x32491293efea97346effee55dca2709ddeb8eb5e,250637
0xc785476d9cfb0f1e2667ce21655a8ee7e2992607,250637
0x695d390b93e4cd8e09daf3dfae8e86e1ee4105b8,250637
0x53907c98bebff53e5b1624daa97f18fc6d9de5a6,250637
0x7a44b85851cf8ea065c0e53f43b67f099febff80,250637
0x01c7d0ed2e98a4b67be0bc9a669564f16775a9af,250637
0xc1e85303cc26a8679e59faaf0ff02df90358f9dd,250637
0x0611616c86310e91e92ea02df260e468c0b17149,250637
0x8d77478e570d6342a1116a518280ad54a182a053,250637
0x9ebeb9a73fb919a1f4ca1e1b8ef94e440f5e6b84,250637
0x27d2019833151a0a1ef9ece549a918cbf966f136,250637
0x92bf452c698cf04aafe5cd49e247b3f4d1ee6ba2,250637
0xed3c737c5761aa0a85ca60febbd3eb2a46ec6733,250637
0xce5a8aa1a661fa202b1e297ca039b965d8bb6a62,250637
0xd57ccb0487f33378f2348fd86cc030b454ad5f35,250637
0xfb50459f2636354376fcb7fe037a6fb03700bf5f,250637
0xd9e5053b2e98c448319ec15c98ac0bcfe273deff,250637
0x521f33bd8b0ed4a59d448d202818c09f5d943f62,250637
0xc46911bd20974b438f043fb0710bed81ddda5867,250637
0x16e6eb9b6ffb8cff9dc85b0d7c41737b4d7db7fb,250637
0xb1f27313a9551ef81cabe88d7d6dd030b72f87c2,250637
0xc4ca0377aace4cb898057e2f52bd9930c5b20dc1,250637
0x7b6058072b763d20ad10c17035760bc6970efac8,250637
0x6e8c8b9e868da7ac2a46403c7f530e565cbfb762,250637
0x62215517db295c3f4f4814a6f88b9434d7dccc69,250637
0x7150e40b0ebb9fdf7c716950592a6367160e8d0f,250637
0x6dbcbf9ce6fe2522dfce1766d7c87ea9f542b870,250637
0x961683d625dfe91c528a1adc5ac523d82da81b3f,250637
0x87644a5fa008a30f5107c175cc6e50583806e92a,250637
0xbf3be9560c2cf30e16c5a9b7ff3245f6ae57f42b,250637
0x2bbbb9c9d264bbd12e08fb2cbe0094244d457b14,250637
0x01a12ad4480fda217c1e540b68fb9fd9beeebfa3,250637
0x55d1ae85a74ae15b6f339beb6bbd65c8d4f20fc2,250637
0xb4251c6c831c074c2a0f53e5855113e80fc09e05,250637
0x64d6a6f20fdbe13da779ec182bc274d167f2f507,250637
0xb147730ff449832916e1be1c3a1de94006e8698b,250637
0xf39a7375f2a868903db7de486ff5fa3a3a8d6d79,250637
0x1014651fa41b14932eadcaddaf918a543e1a3042,250637
0xf202a14d7b7c97445117e0d2fd3e13c7215aabe3,250637
0xfbd47f5546fa48910fc0700531c097660d8d5b29,250637
0x89b4f8a5abc7b6a1dda05f6873da11cf68ad2aa3,250637
0x9bab6ecfb4e602d61d6e472f15a83b1ef37f562d,250637
0x6cd0a9e1d437b4b6ed134ba14c2a63cf03f63cd9,250637
0xca8611f746dda587a37b12e8724e21f413fe28d8,250637
0x1651a10c50d510b27b6ab5e6ad4ec514e0241b40,250637
0xafc59b17bf9c265c348fd7c2d13760486979f64d,250637
0xa3117151c0cdf28a140468b7d3f9c84a0db9cc4e,250637
0x45bb80bb616a873d4d654f5270ab731d484c2691,250637
0xd36d7f88a81ddcb14f8bac07d874b84c5587c8d7,250637
0x3a8da60e99c01ffb7384b794ed57fd6c67e70f14,250637
0xf9023a4992367af8e07592e6040a3e193233ecd6,250637
0xffdd741e8504484ef28ef99ee7c547537638c68f,250637
0x6a352d6d9df7d8fb350ff98a1a630ce3d5ed8788,250637
0x5df178dce46e35ddd122f6cda1468a91ea819e67,250637
0xdc01bac1797a2908943b2c29e449521ffd2d542e,250637
0xe2c39f09fe0cf230e32d555ebb9a502a51ea18d2,250637
0x8d44fd274ccc10a0349ac8f44afdc57c4c5d8d74,250637
0xa776f0f6a59357287ed01a76c04aec2631f845f3,250637
0x8e825c3a1fc78de2a399deee7a6cf139edd5fdb8,250637
0x78082d8db5a648e92950c3ebd9867edc7cccd19f,250637
0x64652d683d9c63f867707d09c3dd4661819b1d89,250637
0x991eb32f8c988931c916aa96b2c607fd1b781f1c,250637
0x3efc141f05638ca5511c0d62adf9f45e0fa63ba4,250637
0x0e2149e503eac0936f2880915a5f8a9936f6bd14,250637
0xa9c2c79d1b0846323257739d6e03400e4fedf57a,250637
0x1c6a78402219156d0cd4c86bfa5521433f3f1e73,250637
0xdaa0e199e5bda3b642c9eb49c38ed2ffd7c01394,250637
0x1a603cf0eb423ecdf5da55da03d1f52c47553ac4,250637
0x4b286899eca5d0fd114778317a912b79a23e4955,250637
0xa52ace2c9f650a1f715a8a43f5ee132872006c8f,250637
0x2c4d8a32133392a84662de9a48af7ca6ba324df1,250637
0xd36de407fe95ddef1b4d0ef32b8f18db799a8cd3,250637
0x662527ee58f349f2bb2370e9ac49f19d7d66e161,250637
0xe33922526d91830a78faad3b6ac786a9acf2cc85,250637
0x9ffb6a06d231740667f06dfc06e269a27b1999b0,250637
0xbffc58d22cdbebd98dc9ca75ab8395bf9f79ad5a,250637
0x663f36306bf1f57b5b012e6c08fc80475dbf4e83,250637
0x3a000863b41f52a216c7a43b9496cd6b1d8e2715,250637
0x5bb46a644f89940d9f8ea31d61cfb196345ea170,250637
0x52d4fe2b67170c4414471a8434d85052fe80476e,250637
0xa89d080fbd41bf867357c94a3fd8cb6708bb7559,250637
0x4d161e72a71b70fd9e05e2a982b3dd2123ca8e98,250637
0x6284b7b62f7f9cdf23e4611b9e99c607f5fb5082,250637
0xef5026222a1f6e40f0bc4d286fb769504b31c912,250637
0x443237b3deddd20e15690af0f11ff17b527e4290,250637
0x2a0609a88b2e2a4b4bec22a67e816814722a1a84,250637
0x8c1317d50c6daf37ba882c3d462aad4940f8cace,250637
0x17f6c3e3ee09b6fe36bab0f3e1577baeab33da2a,250637
0x053e9eae117f214be3168ae274c290563ee67d7c,250637
0x33df3d153b30733a69745ab9f45de5c49e6a4b81,250637
0x4118617bba3b7bc81987c14485db3a65308c5a9f,250637
0xffc6f0e1d14a8594bfb520ff8cc2006f360f1570,250637
0xa974ea7fd8958fbd8eda8331b115d22db42998dd,250637
0xb227d641c00ee70d3e1207096e50ff7dd933056e,250637
0xfae4cf53a973d96c3573cca1a558714231d81cf3,250637
0x1fb2b3da6a4db48c201014f12e8b92dc62fd6bc1,250637
0x1d6928b939d1469ddf752077c1505379086b1ebe,250637
0x9b8a82990af25c1441cd49812c9b623eb469960f,250637
0x3a1ae799e68dd17a24328ce66919f330162f5731,250637
0x95a04b9c969e93aefd1b113d02ea3345cae3dac2,250637
0x5775da646cd1f036485b2cf683e942d2f48e141c,250637
0xd173ed541fcb7dab78789f6888af842eaf066086,250637
0xbf073d6c85f923384a3e62d728169f8b0b3049a9,250637
0x8257d1ac1f8c2c329a7f19e4cd7157e9ab85d9ad,250637
0x698d54aff8175ed954653154014ec3340e474f1f,250637
0x197ae6fedaf1e0fe5a3ac0b240839574f197863e,250637
0x18a1c492efafbef53731f2e13cc78a43811647ff,250637
