0x57264363d1b34bcd44d32fc591d3c252e9f01c6f,250637
0x172aed9fef5cc8c574a80a2fbb90a928c36b9a88,250637
0xd83ec16256639da184b9e85429fd5b0b9845b0bb,250637
0x3f5a74a2865ae3fd78af559b1eca975d76883e12,250637
0x20dc760f11c436da3b2d0f216e9a269704dfd53f,250637
0x5a5c160e3a68061aad5a41be2a5d7bfcb03fef99,250637
0x183b51e1f262491a56dea3541d0d5f7ac356f139,250637
0xbdc9dc15be8f801a504ad9448eb9403180a18476,250637
0xde02a77272ba0c2f2859d99e7b95f5fc5de53b42,250637
0xe76d03c4948a1a7786a8a46bb8522c19ca989bcd,250637
0xf1fdbc2df5a9e999a15589780f39809092d0fafb,250637
0xe8a801200e3cdf9a6648fa84a1615ee700aacf7c,250637
0xca9c34caa18a26d30cf44a2a883322698c07140c,250637
0x4d8f9546792a0c477b4a7a5bceff43ce483f5fb4,250637
0x9b5fb6802bdb8469ad055cc759c8a440d90890d3,250637
0x30cbfa2779d473f6f8d3617b9f1387bcc49f894f,250637
0x587794412dc06c0d7407c00e9e5c76dfb5463cfd,250637
0x5029f815047df31f1ed5633b9bd43faa333cb454,250637
0x97b69397fa9c76483c10c74f951d11504b662f7c,250637
0x52af86e25ddf2f38d40dbd964abe8137128be6ef,250637
0xeec2a98378667b6632ee44cc2215eb5817c416cf,250637
0xd56030ef07f493a9b0b473f1507929cf543c5553,250637
0x9cfe3187e659fb02f41e3feaebe15e42e13766f7,250637
0x5a355074fcc0ca658a28ef20caf2b5110ee0982f,250637
0x7b4a325b35ccb830934d14a52ca04e4601d86153,250637
0x5899358106d0d42b80e3eedbc5c1257734b589c3,250637
0xe279320e12d79efa020d30a7898045a62c0546ac,250637
0x932c61a5a4a3bf813e10609830ff2959c35d30bf,250637
0x07eb906adbd2b285ed25c1172183898c979db329,250637
0x15bb65da6755d0de7d7cc448625a36b2aec396f3,250637
0xb853d96367c57a5986d7dc4003d97949518b88c3,250637
0xd7ce7d1fb5a582296041b815f1f4f8546b5bf2a1,250637
0xad42acf92509a84b07db14b2ae2ece327529937a,250637
0x36bf212437b26ca7ab876b13b776bb436a6738da,250637
0x6e16c9820d81863d443db9dab48e46ed4a8c21f5,250637
0xbcec43bbc3c9a4cc2a133e92e8b200e0e92c221b,250637
0x9c99ea7fa9fa762144f458092db3dd02e6983848,250637
0x19f570baa731692afc76aa856b1e2c4f328e09dd,250637
0x3e9a131df54de572e154ec8e23e5f9cc1d74224d,250637
0xcbc0ac580db8a1498273abe223a480071cfc1e22,250637
0x85db720e84d45a2733413fbc6c8aea57ded162ce,250637
0x7d2efdaa297087d09a321ca797783ab95c4825d4,250637
0x92cfe98ea050a12d237edb9b7901a15aac88379a,250637
0x0c6aff18d45a47e752d4676305e5b224c9d020e2,250637
0x09a24d80c0934cd59dedab16285ab78ac1b2a565,250637
0xc834225769b56d3aabfb7589504cbf3114e65187,250637
0xe34c6fca7af2609fb3f90c19d5192cb7969f68b0,250637
0x08d2615767d971b95f73c930d6a5c058716a85d0,250637
0xa7bbff4cd1778832634149e985079609d9fc2065,250637
0xf1720c9f1b000324349b83e8fbeac9108fc651f3,250637
0x0e2384263c3b62a0b56ec69dfc53baf477384115,250637
0xb342fa1b57bf076ba582dacebe1c54a3acd1da20,250637
0xcf1519ac8259c099cee24e23d9a6493b5a74c798,250637
0x29caa7a393cfe67576f81a8b77a22c7880af5501,250637
0x2caf08bd5b5c4ed4e723ef376bfd79937fed2cb9,250637
0xaed19771ec361159bf3ecc31366f33ce410043af,250637
0x9bd02deeb0e9cd003b8e0556d7460765213304d6,250637
0xa76eb29bec33c72f3009d4374e24c43b7618db17,250637
0xed5c60e0f4d17fab9a84b76be3085406790d9fe5,250637
0x0f871441210ae5ff49019f2079a1128d708c0035,250637
0x2bca190f95b3d6a1d580d7bacc1cd2014628bcf0,250637
0x8245e11f9f7c0a828fa43aba6a2dd875f996326c,250637
0x89228ed38a3f5ac46e7c66e6b7ec81b07b3c0a90,250637
0x74a88f435e950f8d05936c78a4bac4180ebc0671,250637
0x85c8cacfe20d678f1a46ba6930fd3f83519a7740,250637
0x6d2adc6bb6161052f615e4092fd1837589366ac0,250637
0xf877acbfe0d6e0994d47f80eac7baacc0aa08df1,250637
0xf2eb49c3bc56d1c71e99b411353450ac0d7a897a,250637
0x0a3d5f7a606294bae4729e21d013f48f1b2d23de,250637
0xd7ec913b6265298d62f008052f1dba479ad65518,250637
0xa940ae8e4880d53c66706ae3d5045a2c42456ae0,250637
0x6dc1253b9cbb8ee00da2f54356c1dbdc66743e60,250637
0x69fb05883c4d11d46d754caf15081e915c057b3b,250637
0xdbadfa131d66d8b3a7dc34544368ea256652ed53,250637
0x7ec2082e5341b03db020a09bfc8bb1cd4cfce55c,250637
0x64486ac3e078fe31dcda6d858c4e69e95464aad1,250637
0x6e2784a880c6e8f70f027b7e87981468b1659983,250637
0xd76ec08790d7ca69e10e1cda8a20890a0f18da78,250637
0x46ea085f461bfdf3b5910771221a86d413e2414f,250637
0x008d595c73a3cf5cb59e6528895045d22a52897d,250637
0x62122ffac0e6e6887354727fa52a2e669080eb9a,250637
0x4dd9fa7eefeed5f188966b95b21ad0ccd3581e6e,250637
0x61e5deff22211234b3499cbebb528c9a8f1af8e8,250637
0x4af3caa12b95f28a2fd0420e673f13a75ee5cbd6,250637
0x936169a40724425b16d53fd9e371155fa57f9068,250637
0xc63df545d17b74b3dbfc70ef64eee03162088621,250637
0xdad9b1e131d47b98d878612698b016f9df1f2bb5,250637
0x4f03cce6fb763c22d3d22ab19c97efee46f2d978,250637
0x3fae285985a1185ff6cb61f15006b7d9365e16bb,250637
0x1d7349b1600706f8515f652ffc740a05a46d8d63,250637
0xb05727cef197902016e3901d4ec5b28a2ce155d9,250637
0x6552176c6bd24208f904daa18b43df82e123cbea,250637
0x406cb568f9ff6f0eb0cd82a0ad0dbb848edd63f2,250637
0x97d79d376377d239aaf79002ab3695060f013d19,250637
0xcc30c50a4e4dd9cba72803cbaa6b799664e58f03,250637
0x6066c38afdd081735f62b635d97385424bc440d4,250637
0x6962e06593b855ddc005fce57fae00c4dc22d615,250637
0xb21d3208f656223825dcceb462d8d541f937ef5f,250637
0xae067bbf31668c8e04e5488b1b42bbdf0ccda7f0,250637
0x8c60dba75d1f9a2e821cfeb92d50b3c28ed7cbde,250637
0xd0f3c026f39fdb74dad85983cd3490277ec4cde4,250637
0x197229734a3891428a8dc1205a7aa9d601dae6e9,250637
0xde4745b15e671a33f31d2abc83567a3034c61dac,250637
0x368834982f5e281da0c799131085c13807eec1bb,250637
0x1c9d3757662dd3a84049b3e00280818356b13424,250637
0xc21108b95cdc940078e07c1ab81f9c0f54778e44,250637
0x9045bc0cb3c86ac9f88218507a68c88d52b6cfe3,250637
0xb29e3e14540adb706577a3122d8c8c3f976eac58,250637
0x1e937e8757217578953a980a6938fe36ad667d1a,250637
0x62b5771117ff3bdb25671dfb07dd2e6c9b77fb73,250637
0x008edabc192ad276ab83e77467c0e07d54991b81,250637
0xad6c36001c8d05ca26ae62b1e1011b3668111338,250637
0xf3f869b5d38d8583245310656bea23d52d4d03cf,250637
0xccc53273a919b0f40c2b6ce6952a0204a92c922b,250637
0x0bc8d12449a90e6fb45c368278213123d88e91e8,250637
0x14931f5cf449546f7ecd15ea65e2f537defdcb54,250637
0xdafcc3fb3537926dc01a4aca7250fa40ccb6112e,250637
0x9fd6c1f52956b56f67e780b770e89ff0a0c9f65b,250637
0xbe7019f8333b0b3cfc707ac353ebc2123140134c,250637
0x6acd27dac990706e577dad3a006027f79f86481d,250637
0x5d934af63242da00eca373f87f296b77c4ceb77b,250637
0xed5d595365936ef60855440b6ceadc00f3bc7eeb,250637
0xf28165259869bb32d4831dfeaab25f4a9722427a,250637
0x2b0a4d5c18e82c371478d57ae2167237dd2efc01,250637
0x083c2981a92fbee6f26c3f4cbba7de13e5e86ac3,250637
0x535924df1f983cbcabd0120d864785137a572d6d,250637
0x9d1898865b8a14d47010100de001f294bcf44834,250637
0x8660bc4a421a6ec18d72a987f89b428b5dc22bf4,250637
0x64ec0c1c0ef2b3a933547f47c8ee601ac8710450,250637
0x5536cd306da986ddcc5d8d5076cb8816aae7ce0e,250637
0x3bb96a76997d20009a192b8d575f2e20fed21dfa,250637
0x1abe31c722449b8a185f90c2b93bea29694a17e6,250637
0x9c6205755a51017d835c8ec735382720b615a593,250637
0xe5cd3cc354175b0dfc558c2dbd27c63691af589a,250637
0x69eb07733bffedaaea64218169430e5df6ba8609,250637
0xa2e32faaa37907201e7bb91fd612f75bc7c47dcc,250637
0xeec81f218c0ceb5e2effda096124aeee4f3c465f,250637
0x1f9615f3007afc452de2c535d47333ff8caca108,250637
0x99467f9f81198df9b8118f646a48e9bcdb584255,250637
0x88bc2e90bbca0f8619c4e01b5749a300d54a8916,250637
0xdd2a7af04425bef8b77890423b3591c475e21a21,250637
0x7697adde6e0fd1a5dc26e1be97c7aeadd574caac,250637
0x917761763e3f4b69611280250aa7d02a4b600d65,250637
0x3b2229205d1faca21a805b0ea6626e2c83d7c6d8,250637
0xacf61d3f74b8d81ef11c034c6dd717f20b330c54,250637
0xf1ba9524efcf7099d382032cdc5b643fdba33535,250637
0x76138db161f34e21ad95f6a20408f02c25792501,250637
0xa942050389cdf222ea20419fe3600ee6a0f819af,250637
0x74602676c669bfc001d3d18a023aa46ddd09cbeb,250637
0xf568b4ea972ae15f69453d96fa172093971a6304,250637
0x3937997270d88b522362c7e836a68c81b3631685,250637
0x93016bf38d4b683bb5671d7f0ca9732ab3d36104,250637
0x5fed66f3765c6dbf7789501b085e1a20f2e2993c,250637
0xf8e6bfaa1f7f227547cabde7a48a82224c78181d,250637
0x678a458a12519b56ed0e5ea2fad58a5e6f51fd00,250637
0x7d841af52d52e273dce82063cd4cbd4009730eed,250637
0xa4c376b362a5f125a12e94ecae2c13192d7d69f8,250637
0xe97fd1d6e5b23bb7f958ba6ecffc2e4414b0a62f,250637
0xf3ed20c1b840a64ae653570d54240983f18eb2d5,250637
0xa19b1fd8cc228b1b91f3b81da69b3bf8aa7b3622,250637
0xa2cb50bd79a588f96f4d1b57a7b0f99a04e2e3f4,250637
0xd6585b5b7f9fb0d7b831dd64135f4c791ce18fb1,250637
0xbb34e85c05d0eaea02bc5a670be206a3c4695dfe,250637
0xeabadb320a20dd0b163521a69e3be99285a635df,250637
0xa8ca67475463613c838656b5c1a6cc377eadc336,250637
0xcee7c3f9fa442643f012c8657851bc30530fe40c,250637
0x5df7037be4511f4ff770a359d13c7c7010aff127,250637
0xa3f52b4fdc0f5920d626d43eaf6a465a5c209639,250637
0x91744ee58c8ca6ee0d4d55c66937c265cf0d291e,250637
0x7303345c6c2d119fe4b282406af36255896b548e,250637
0x18739cfc305ad81803ca95059f6621361f5e4332,250637
0x7a579fb8bcdccbbc2fe907d97e816dbf7910cab3,250637
0x675f4f7338144d39f06bc0f69f418dedb2449798,250637
0x419e3190005c868557c8a35079eff47dacb468e4,250637
0x3d57b8e139c2604e013ed7ff7633a3639b6621dd,250637
0xc504920bddcd93c8c6a421f344bd46422e49afea,250637
0x4c3e7c97c725dd74d434722d7547ef1d63ebe87e,250637
0x0bb86cbb39a1db28a65680df2198729cc4e1f521,250637
0x7630b2e3ad127854171f762caba3d47794135af6,250637
0x3443380a2c4af31ce0f1bfaa13b2cb66ef593af9,250637
0x35e7bee4503151efbe0555446fdc1f6a0a65d97f,250637
0x0d9418bd4ec969429342cd4b244b66bd0451e097,250637
0x01ed811429dff465a245da15ef0021b852a9c52f,250637
0xc8ea5846ac6269e79508e28a38a693c7431a73c4,250637
0xf2ef2b54db4858ec6b20d85e16ec162e9eb40051,250637
0x806b91ef17395fe837d1e0b2eb05377c86dc8c8c,250637
0x2aee67162bfaa9456867a2d7578e57287e11bd90,250637
0xba8368d2a17207638ddce6112f4ad03003a28f0a,250637
0xd6a2efa807e8fb43393790f463702490b7857610,250637
0x7deaa566f2127f8e310d289dab1b2edebdf9510c,250637
0x99032836ab8fd88c57e843152f402e2ca7be0a14,250637
0xa63f2871f5eb26be0e2a9741a6e8c2b7241cf1d3,250637
0xa521c2171523f32a965f9389440aabf15c763b03,250637
0xdc18517d7f2effc6cce195f5a2bf64ab52367ad3,250637
0x3613e30e00ae7bc0a4bbd64575b414fbc79f6193,250637
0xf36f1332064970423768a3c007ba0a6cfd1874bc,250637
0x964bf831eda28ea02adcee18852cebdc99e22362,250637
0xb00b48d205c06e41b9252831c357f2d79146bdb1,250637
0x7846d6bc7c24660922ce1c9957193c73e463b807,250637
