0xa335b5d6d9f6e9b75e5b2f2c6a224173a7976c56,250637
0xe793cd2c8835c649caf48bebf0f6a12a0ac89a2c,250637
0xaf9792281d17b051136ebd541889767e6005b069,250637
0x9e4c0e7598f844510a6feb9233d888bdadaebf42,250637
0xbd22f9888e703ba98432883914c7c1b92a196fff,250637
0xeee16783575b56cee5f23278f5266b033c5b3566,250637
0xcb0d879fc905d004de1b0159cab28d7dd23af448,250637
0x808c63d82cdf6798ad734942246fa9fc1bfcf774,250637
0x7f9f436ab22b4ad0d8bdd2e97330cb5abe153010,250637
0xcc33bdf270bbc5cbbb2a124e0c7b737b6e5481cb,250637
0x705e95dcd69f2ae9d438bbe7d706d1a7178abbe0,250637
0xcf7680dfcb3a20a5500ccf7c336e91d59318562c,250637
0x0175aee9f73f6b4995bf8a5745d850a3e0412800,250637
0x97371b8a549d2af083043816b78b6a42b94ee9a2,250637
0x9b73e2689c15fda079dbd5b7cb204e0bb2a145b2,250637
0x86d84aa6f7c0b9e24a9402b6e975c3c17157c3b8,250637
0x68b68d3e1f01f1de3da7c5608f739c82865b80b9,250637
0x5ec02dcb3ecd8ab52598dd90a07b40fd16b1206d,250637
0x1cc972ff969689873f8010bdd0cf3dc30618397e,250637
0xd224741ee7418db67a97690e378579c55e0201b1,250637
0x0c2f9bc087b7d0099fcd80776bee035ca7198387,250637
0x99854a660514a51a4f510ed2c05bba0b13f5b394,250637
0x04470f5a131d04be822264c830d649a5ec0e2dac,250637
0xe6cc677e11c9ccc2c772326396d3970b31cc5ae8,250637
0x038618fe7222cd7fa55007452c5a68a6e83e65d5,250637
0xe7bf053de1a59a9926ff06fb9af49279bccded8f,250637
0xa957394a29f2a0c29857e010d6ee7c7f12a8f0e8,250637
0xa3fcb96dccfdc96012cba09244a11f60b9e61059,250637
0x57de743368ef3cf200ea6295ab4981c8784a1054,250637
0x6c803cbae1ac9e673429bd882c554454ae5844db,250637
0x2f3c163d78265d2d77e8ad3191269121ceadb2aa,250637
0xcb617c6593d3d7885bef11691507c0d58d9e7fdc,250637
0xacc02d1169f68c1c583dcfc7fc5af731de9f107d,250637
0x4aa57181c0cf5c3458a98a6706f93ec8b1504e2a,250637
0x865c0db3d0fbe5df6f015ec66b9fef3c4557cc3b,250637
0x1ac7494dbfadf9f8fa17bbe391ca8f06f049643d,250637
0xf8cf298bae6d9c4d3c72704859b9b999e042c970,250637
0x0d5b021144148cef98eee4013d089a4d4f309804,250637
0x92cc9afcf5f1dc777dbd60d2991a127a8a9fe5f6,250637
0x0eed764dc9d5cdae12321ede16e68c119814f9d1,250637
0xf61c2a31b9cf0b39ba081332622d7d4ec34a3fd4,250637
0xe9fbdd2a6255f7a2d9bb2b12af76a825660c7c70,250637
0x790f4ec6e45124eb35d150d6c4f1c765e9d3403a,250637
0xfa7ffa57aa148a1edcc940f08eb0667d9da18e7e,250637
0x416795442282a141ddc2e369395779738868b0e4,250637
0x4ca7f6573109c472a777a1a444b0a0506bd01dc8,250637
0x60a1a66a5b180022418e6dcac54703f7e415015b,250637
0xe00e6b33e2abb2511575990174f0fdce2e155dcc,250637
0xf4389529d5821520b04461910caa4aafc1a01581,250637
0xd8202d93faac0cc11fa40d49b53f10de03a87b11,250637
0x79fee41b2a384c212ddcf53cc824dcc6ddbe3337,250637
0x5815edc362e01b9b187e94aa9b75d4564bed1fdf,250637
0x01d2b10e11e449d19745b6cd076bf1199f972815,250637
0x56d033bc0fee9aaf644a1ab46981663d6449e4af,250637
0xe3df2414885a5d8a4986bf9bad887f136d2183a9,250637
0x4c236a61965c3de15c3b2b46a297ff8354d5d27b,250637
0x81913758a3c38b8ba1d440ca13a0677e087a0eed,250637
0xffd0187159b28ad7913bd35f71e12a15a2600c6f,250637
0xaf6bfd5286b0fe9bc88d435a2115249fc97020f6,250637
0x3ee8321a38948e062394b581324d9540e6179c70,250637
0xe3fd5b42b5071c2a66d1dd4af8c9eef7d4c54db3,250637
0x633ef9ba9941285a7f53ab56a3fd49d35987ff03,250637
0x7758f184549957509a541e1c211854efa2a95d0b,250637
0x4651747eb2df699cb326e681acd1a9d2daec60ed,250637
0x0819814fcd06cc8b0685cd3ddf6b53e23b0b047e,250637
0x21c0afbff3cd519017a3231289d50720888f9469,250637
0x15d91ee42ded866576f20c8381e3858e3eb09a8f,250637
0x0c2fb9c59dc55162ca6f66dcf1c7e9533c344213,250637
0xf31864ba746a6b23407869f280ca70448d646067,250637
0xd3b7a61cad5e6aa848950040037b41df79e06e8f,250637
0x7a1fafc0ceb507408bf7c710b1d31df9a8e5d941,250637
0x1937ac09680a375a8715c5e4b687d7234944c530,250637
0x791590d4f6b6c77ab0f5ca5c0d911bf98d85f100,250637
0xa258eb2e9e41756e59e5d22a79ab0b2d92e6789c,250637
0xcf099d8e8fdca4e47e8416efd4e729ee44ba0e4e,250637
0x1060d45b684b0de0fdf813b58865f1b0a3502a43,250637
0xc848ce6c6d484e2e5c711a1f6b8ad51c1542c974,250637
0x951d8580b06d2ef3d36e2209c4b79a37879950e2,250637
0xe94560aa36e16c2ce91aa989fd46642b44860397,250637
0x518c10d65968be62d28109c9f17fafa3168dc856,250637
0xdab41431755d260a7932ff59c9ab7b2267fb1fbf,250637
0x48a00c72cb8e667ad2fffb1b53fd786d1d565e45,250637
0x304c493a016c6d66d48df71e9da84a8d3cc4a980,250637
0x1d823f265d13dfb822eb9ac8d0f67421a7bf5fa8,250637
0xd0a2aa188632f32286c35ef6880952c7a8f7d1c0,250637
0x8edcdc826a90e896faa903dc62fbefbc1cb75269,250637
0x5990bebcb445e4306d84ed18e03b55e142964559,250637
0x363998ccf0930c42446c32403bd6b738279e5064,250637
0xe974eb831c192793eb5dc26feedf47b03088046a,250637
0x54f4d7dc1e2924797485352e363d072e845743a0,250637
0xd18c7639a9766086cab4e72b16089422c3db1fd8,250637
0x7ac6365ad7e80b896c9f829e4acbe92015ab1c35,250637
0xda331942dab1803980f6dbd06777a2896b3005a7,250637
0xa722e6b35afd5683b04ec642366e7b70256931dc,250637
0xb30da1bc765f7c2ddca69f27fcdafddcbc07663b,250637
0x72b6298425d39ed80721cdd5939ed939e59ec497,250637
0x6d5ebae87c5406562fb35472746eced6e336b881,250637
0x73a5e1090474180fa48c65f2894bfb2794634023,250637
0x471387d1872bc1f83e625e78c3f19ccfb4ddac64,250637
0x89c4d4baf23633e19373fdffeac3d47d7dad27a2,250637
0x4cdc07a84d9d960af30605b0faea58706fef3c57,250637
0xbfa7170800acec30c928233c29345011e1b25847,250637
0x2d1ef4acf4cae6a38950971aaaa15f88d9b3f165,250637
0x59510c2abb784eb63040088cebf9b93001dc1244,250637
0x3eabbafcacc972c76b2c194e69231d472b261ee3,250637
0xa49e08377693e2412b8b1a12e9329387aacbadf4,250637
0xb9fb40d1adb4fd46a5b01774a01354dc001091ff,250637
0x0a9b237e840f6e00f1deeda856fc1bbc07995be0,250637
0x3038d9ab0a66e1a4f606121685036401ec8c1be2,250637
0x90e8aebef713dd695b7cb7ae7d66d5dd7a146a33,250637
0xe753b7f1f88973b9052ac75d3cfebab3a70208bc,250637
0x67c4a210acf00df6ee4427603b2fa8aac768252b,250637
0x4696f141e66bb21b32ef0849d2ac453f7d19f79b,250637
0x930902a3bf619b7a4f1225f691afad6d83a6de93,250637
0x30da0b4b5ac1386f3d706b655d9c8a2924ffaaf6,250637
0xed32f54b7e62bffdee01a9e0da637301fce40ee9,250637
0x02abd53a0078d0513c6bc110ae835b94ab65058e,250637
0x5fc3dee522d03005295bfd41fe600fc37d65e8c0,250637
0x08f26f564e4fd11dc109491352afcfb296179f51,250637
0xdbfd115faf97b82eb06a61f0e3c2264e034554d0,250637
0xbb1caaeda069125727fd723e0be3d78b851dd4e7,250637
0x43c41f48109c70ec4a4f8d7b58c9478baec6157c,250637
0x171e0ce3b9aa0ba446a8131fad8fa5f545cf2504,250637
0x6cbcc4d9503a3fb449a7acc0880289750c3995f0,250637
0x5722d1e6382b7d343c9d076d75a3347571644056,250637
0x72d2c2f6bb0b0372ecf97c2ac07be759c8dc3a65,250637
0x5873cd2414ed6f6998131bf2d0c3ab2e1b6b083e,250637
0xd9a16312980216f640ed3caac37c46ca7ce1166a,250637
0xaf5865995774b70fd62985c25e4761c6bd82068c,250637
0x693c94cb0acf2de2d3ed71492a1cad0e68b0d5ff,250637
0x14e88eac9ba4e0520cf391c3fbd9ed984c188a12,250637
0xfcd8e6cbb3ee5f5cf88cde4c463a0660ee647a2c,250637
0x01e5bf734b09713f75ecb567ac7d7dd9d9e68c87,250637
0x415d7eb24cce4e792f802896cf6598595e3e0023,250637
0x71b8fe38a773c8967d13dbc3dbd356dabc0c398b,250637
0xf9474dfd5caed9b2995eaede2c5b88167c90ec39,250637
0xe529db73c6449eb7726e8738afd92be4f6c0a2ae,250637
0x15dec07b1e5f7a8f24be12363a5bc2061062973c,250637
0x51787a6918cf1dbb9d575e6000d516c2d323f5ca,250637
0x54d4ac83f2000c85c2a900c0bf88762126037403,250637
0x4eac22b79803f8ce2e5ab8992d65bf9916c36510,250637
0xfd99f2dab8d2fd23083db3f4483b295dd08c584f,250637
0xacb4e2035f9acdd3f56aa4b1fb7b8187e7033a64,250637
0x42f7aa3b908aa724816808686fd71b53d3c9b690,250637
0x6e142f3c379e1fe7db73a62abd2a401184591b95,250637
0xc60be135723dca21b8e7f8344edd65f96841bc0f,250637
0x8231b704cc9ffef7f114413b9318ef8ac26593da,250637
0xb163f80fa249377e5c66db4e5e67ed6125f1c944,250637
0x86fb01d2aa0e8158daf1ed59e9a87cbf92596b53,250637
0xe769b5620b8eef9c2425df651090944f53ba577c,250637
0xbc3c9d6d21f7e0c88dc497e1ff0e0a0040691ffd,250637
0x6b4f7d73f43dcdc80722383930236d6538e98702,250637
0x3eec5ed0ec3450745bd1faaef498fc7914939d49,250637
0x3bee7c3d3660786be8da3f3842be00e4ce4e1dff,250637
0x31d6a9b05aa6a5ebe9e9fa232eea1b7856f43009,250637
0x239ef38d9df34f6ab5d3edc09a8d37289d4c9ed0,250637
0xc18d25c8d45c4aed7260bdab78bd4927b2880cd1,250637
0x4fb0c7bf69a6f20c9baac8d00df05ca872a320a2,250637
0x7c5da038b219ed8167b97c123e78a5b0491d15e9,250637
0x07e9ddcbeb02b121df864ede32e79e6d11fcd4cc,250637
0x1e7641bcab4eb9b63ef88cb6d7811d22561b9f7d,250637
0xd16ecd32ad107d0b909130b325c79b64cf3c0d28,250637
0x5a049420280f921cec464a4a30557509bf9929fc,250637
0x6c352407214ab73dec77e9bc428706afeb53995a,250637
0xbd94e9296d44dd2b146b15689df1391a52e5c425,250637
0x28b3c78ddb1fecdaa0759c95fb50a70ee549ce94,250637
0x5cf4f09c5be610eb17dee8c70ca3f69d13cfec83,250637
0x32c7089c9b74a3774fe5eac01102e0bd874276c7,250637
0x79b2caea4e72536306304983d1711810104e01fa,250637
0x9321a4cb57f29b89ca6636ebb53e00e770c32c49,250637
0x05b1df33967b1de26fb7fdc37af1ac76caadc2a3,250637
0x3801a6f78e198ee8f354154733fb79023422d6d5,250637
0x2d037dcd6b1d20334ae288b8452be0a466dcc3cf,250637
0xdb3af137f49b1234af04d020ff4ff3128cc4e0e2,250637
0x261be723d1cee26522b29294e3a0e55dd78d5ecc,250637
0x3df4ceaa491d30e3616c9f81affe7600b08feb76,250637
0xc520c98fbbb25b26479fbb825a461e008f78f7b3,250637
0xebd920bf04a11e2c7025b46e1c15a5aef2b0e719,250637
0xea2ffc6f89f1cd592909672e3c141e13a3765fd5,250637
0x1ce236667b1ec927629bcdffef8bb0aaa9e5ed50,250637
0xc23df89fbb523e627fec7f625dfc3592d42f2df9,250637
0x7beac6d09cbac28a4a4bf3fc1998e7006be11424,250637
0x96ccb493854d03c1e486f33c474b5e1d75feb090,250637
0x4f5e5d18eb06cee9af4a1c66a7963a1ef8e0c0b4,250637
0xffdac20cf2ca4bc0abb9d66cd9c15fe01047f787,250637
0x9ce2ebe3afbb32b1d677deca3ad6dc9529a71bc1,250637
0xca58a211164ac07de7f5f474eeefe4322792fcfd,250637
0x677dc2f39be04bc2660356581520b50fbd0050c9,250637
0xabd64223755085756b8968c393adabc98e377ba9,250637
0x9cccb6fe97f2fd322392eb45a9febe85bf4fb5f3,250637
0xf90149548e7dfc81573f4e8614b1e700b060c02f,250637
0x2f30ae8ce5db2540f5a89659bf9a65666d3e8e4e,250637
0xef0ae9baff5436f87ad8c7da8ab640bdd306b3d6,250637
0x1c55d2e0a2e9d15c6a59d619bce9424ea6ab4cae,250637
0x8e4cecd53bf2025ea0c8e69784355446c6355ebe,250637
0xc07bfd788e56bf92d3a09db0b6b8b55f1728748c,250637
0x02ed4b43149c579d0da266991aa65ef01c090128,250637
0x3786f4c943c65e30973f5d418a3f43a18671530e,250637
0x9583b1e7792d7d8a7e705d445ebe9a008dfd3c31,250637
