0xd10cf94ca9d4662ddfa69e84a067516d8dd46ebf,250637
0xaf090d3e78530b3c9a4ed035bbe09978b560d7ee,250637
0xced34c803f394dca295a2641c31c7fd01b60ffad,250637
0x1f0caac59cbc86045fa684e2c854277797c8dd09,250637
0x0edb0051b4b0d520c34f61b84c1e47e2767d6059,250637
0xb649f105f1b735c5a948484eb2bb6bb1a4de6ed0,250637
0x8298a996a00835eedcc75763038b731fe617fd0d,250637
0x60fe3a9aefd1d7dacb7e6c707f9359353f93b523,250637
0xe0f0df44881be5f5a4d5f0d882eb637b9a111cad,250637
0xa4336845e166021ba8d7876b79473d2a12a45625,250637
0x91a172fc21f9b6c293e211f046ce014561b0b531,250637
0xe16e42379f712d55f7dff4a0f5984c7cb8217d44,250637
0xefed21496104a80f86d533096878eb29d8dceae4,250637
0x18ccc241cce98a67564e367ebc1f1f0e692e3188,250637
0x10fb054e8b6ceff26539fd40f599ed8dfd3fdaa7,250637
0x7aed7eb9ace976d64c95da4baf85d1c5634d607a,250637
0x1c606ac8c40abbf6ca3ffb17eb080e7a2f820970,250637
0xa250334fdad73ca136a86e9a4f76db43fbf6c893,250637
0x0076bbc106ad8b2e719210399bdc42484f40eab8,250637
0xf37f04b695a4cfa8cd26fedfc5993645beb0e515,250637
0xc0eef64d0d11aaf2076d84a95e36f77cc34996e3,250637
0xed26f9c4bae5c14aa968ccb47ff802edefe2e972,250637
0x462074f2bc93f86269c076ac56e5d8fd46adbd6b,250637
0x118f2358abba0313f71dbe8e9f842d68b8232562,250637
0xcd79c9c23193190c4123caa7ae366531ae39e25a,250637
0xa87e787fac2b3f9fa990d6a10ecfbe014ad83f4b,250637
0xdf218ffbeb1466c8b987ce1f0ba3e81585dcf8d1,250637
0x2ce4438bfe39c18da519e3acaa96ee31bd044b10,250637
0x8abd80820c40ff30d4325e9abb7ae36b686dcfb5,250637
0x7c203c1f1fb05c40e6f2446eff7a06412c2391b8,250637
0xae881744c47b69b6c2a9517a4666587b1264b605,250637
0x38ea98d6cc3b2a619ab54d863ac7331a118c5ea4,250637
0x7a6f07a71b9c9b5a07acbb3e9b7ffacae0c40257,250637
0x19d8da2674e8a025154153297ea3ab918debf96d,250637
0xfd4ebd4f2bb3c7a5197a823de56cb745c4adb047,250637
0x60b5677ad06c40a13f708dde41fb4892a240ba82,250637
0xcffe5b42c5e8d43f5759912f196c9b867e826649,250637
0x729df3924822c9a2ca1995c05eb801a395329f35,250637
0x5451f086dd15cf5d57ffce186c449f500c0f8e2e,250637
0xbf9ecaabc0bad8b23c1d627a3bf8b9ad8dc1beef,250637
0xb626e17e3c9ae0088c1b0518ffffa9c74f09fbe3,250637
0x06a38df5fcda481f2bbbf4c98cb33c7142e2e747,250637
0xfc250eec2732eb615b47793ad216ea634cd039a1,250637
0x0042916bfb9d2e08954a1c7b55a037603299209b,250637
0x4836a8c7a9a45165383c482818dd34645b7fd9a0,250637
0x02085dbe1eda7be2d388bd6cf8d5cb5a089b2250,250637
0x02e55f76c5ea32ec4a6d60438b3cb70304282c77,250637
0x30a6bb11043abeae377fd3eed213ee446f16da38,250637
0xe088ac48c68833da49198e26eb04c1b68a488926,250637
0xd39733d0aeb690d0acede35b58f0755875bf8b56,250637
0x9c31993be9e616139a4f07092a3e1ff523a85f3c,250637
0x039e989616a89ee6d56b4a6c26517ed1a07e9de2,250637
0x24fe5e9566d96e9412a324343a8233407d84404b,250637
0x7275392228858bebd7ff03b6fe740083c7555d5a,250637
0x13205e591ff361d285383842badd3f6157afa7a3,250637
0x9cf09163a1a2ba8df505930102aefea383558458,250637
0x286cb78c1018b4c18ca1e5a6796405a9084acaa8,250637
0x40a20bb7241e2c0b861f048ec6d17ba9faf67091,250637
0xe0e0fdf7a47a2c1390c56d1da0e554a3a8232c60,250637
0xbbae82e2a14c9d15444b0b7b77acd1facbd478f6,250637
0xa92a42cf17a36583694d4f8ade1779eae1578f36,250637
0x7a021c25d2e6fc982e125971cbe646fb4785bf92,250637
0x0cb96cbeed75543fe2582c6110441ed65731b82b,250637
0x7f929b0198d1e918e7b8e1097f4ed530bf8a2bd5,250637
0x03994898c8ca28e96f8abcfa3a0051edbc8c7cd6,250637
0x5fced0a30db075d80536add414a487ca287be1f1,250637
0x7370f7b36a6e5d7070535e1c3eeee29783c0c8ff,250637
0x2bbf30143abbbf022fef2d4e12a09769dc19bdcc,250637
0x37f6fb69ab08aa53f65b8780a9b1788debf8316a,250637
0xf16c1182fbf35c6afc1937eef8780ec58caec615,250637
0x58e96a2d2d78e221a7403864fb45b15d370a50cc,250637
0x38d2ccd9f7dcf3cbad19e573b1d44e0c21956f13,250637
0xa943fb5517f4e65273250250472485f3e7b0ba1e,250637
0x88c8f3f37ea93ce53157d916c9d5c517486be4fd,250637
0x4392a480c80ff933a2929a8177108e4ef3a5bdf3,250637
0x3cd49c9ad5766fb4a19a42db15e516480dc58673,250637
0xfd73d02ebb1f2fad7e857598ed4fdbd471fde3aa,250637
0xbf33f31f6aa7dfa89059efa6b1a7cbcb6e189aa9,250637
0xc01a745e949016ee75510a7c9f38e1275ff1a60c,250637
0x63829da9dc103b63d984391f7580eddb220ba6d9,250637
0x2eec756108603bfdf0b6c219d7e3ed10072e5927,250637
0x0bd6b843cbec4527cc58120fc4498e3fe5499a0f,250637
0xf37519e73c5aedfb07a04cd09be5c394b3761640,250637
0x8782b5913453b49bfeaa45194488ab09422c2d4c,250637
0xaab594b8497887f73abc34bf6d09ef23596e58fb,250637
0xfebc9d06d7619105fdd8f5e29d3cd46f0a3c35fe,250637
0xfeebc49bb2a1c2e9739b66ba0cf11ed501ff32d5,250637
0x2e4a67c79c4bae6ba3326ee8d44d6ef4e54722a9,250637
0x1d187910bbc695628533e15e5317dbf8711ef40e,250637
0x36e5a2faa0368a613bf66c634f9dc5ec9b2092ce,250637
0x39a7b6fa1597bb6657fe84e64e3b836c37d6f75d,250637
0x85bad0a55af35956f3d74d46a90f7f96a9bc94d8,250637
0x428f5e55cb9a3c1f0ab391dab6f6721b78ee1647,250637
0x1be053aad9894c2a411cb043dfaf60a77cf501bf,250637
0x4d6d0b2b62615e241de2fb067742d6bee69a4e38,250637
0xf5d8cdf77f54cb1adc9bcc70f2c5777f8473b27e,250637
0x0279f52152a8a17a733f1d0660121222ca9fc661,250637
0x04f140d54f98e40a67071614487176157fa5c448,250637
0x6b196a1a739bbec150ac63232b8a2cac6bc2ca70,250637
0xbf4712eaef756b4b17ac34b7e0ca3c36eb542c7d,250637
0xf833214e73437b6549805ec88dab322d6f4f5c41,250637
0x29c8642ddf8fc066b40ba6c13fab5ec889c401b9,250637
0xf7c5d3c5f9a1086d24048dc4bbc073e25c68ee55,250637
0xebb677d8484be89dc82ebc013a3d00b28db87281,250637
0x13316c5db50e415f4b75dd8c39b623bc85a58edc,250637
0x539d440dd6456579f10763a84d3041f15eca9ca7,250637
0x09a900eb2ff6e9aca12d4d1a396ddc9be0307661,250637
0xcb13ded4ed645a3546524cb36efae78c5c8fb0ac,250637
0xf2b489625780655a47fd09d59be70a38e417db1a,250637
0x23ff3af7c9decf44cef685027bc4060fb3ad87a4,250637
0x5c4bd873b573d0c6c99e520e0739600deab615af,250637
0x8512b8f41a6d1f2aa0d09ae710b705498735f265,250637
0xe7bf94f457bccdc614d94a1bcef483786cf613b8,250637
0x923dee1d701eb1cac2d122824d1272241a642ffc,250637
0xb44b476a7f6a83b5e0559433b0d3ad374a0c1682,250637
0x29fac440e9ca3b1ebc17c399e38d20b2fdfd6189,250637
0x026f059be28d056aad6dfda59848e2f73a5dd23f,250637
0x23ec33419aa6b1ae19ba3f292ab2c166cc2deab9,250637
0xc397df19c9775012ec5ef4b79776eab91d884b8c,250637
0x22cac67d799037185222f7d234e0f9a19de70bec,250637
0xe0f9262f503b89c925521bbd789da32441bf3c5f,250637
0x5d365b845ca38ef45a8eda7732c6beaacd203a50,250637
0x58f196d481fbc6ae1bb4f7876c82a0943bd4272f,250637
0x447fe6db1ee3194660e98a1041aac7a651849bda,250637
0x3365e7dc7a66c882f01dde8d6d67d321941afa05,250637
0x4501457c36ae0647cd43a1a81ea4e9e69604215f,250637
0xf98b2dab903508665aff2cd3d152d6254dd6eb9e,250637
0x275ccbbb1a698a03b98419d1ee4e09f57a8e1f32,250637
0x2b940d7a0b2b99b29614d852fac34039bf65b3d6,250637
0xdb68fdc58c5cda7ae6f79c60369ebec06a75ac80,250637
0x7a204e49ed2a1b926784a525040960e0dfdced9b,250637
0xaa27f7fbc2e74f3436d213a2b88ee23bc83efee8,250637
0xfe1d14b2811529ce91ffd1fde75943809173a906,250637
0xbfeca1314ba36b0f1eba015e9d53ad439e876099,250637
0x8b17962579ccc3a5033ac54f9ebef79880cb4c7e,250637
0x2401f5d34c451bc4394deab2be0883fab20a2f84,250637
0x37b48e218b1f8481524b0b3471e819a41826663e,250637
0xfb08f96dc7eb9298a082dcaf9f986f6a296a257d,250637
0x9f2e502f465922abae5c57d450bf40a94dcafb96,250637
0x2c9a9de1255ff915f99f72d28e239b65b75e2dc9,250637
0x9c6e4c937b469f29ec5d790906b11aa1410e3645,250637
0x2fad53091126033c6bd0d0fba1df11a1bb425c57,250637
0xa883ce2ffad80206c963cbbc2630eb6957a69601,250637
0x1400d4d2054bfb60684ede7e35b094fa92a8fca9,250637
0x9f0204fb1755668b9b54971b8acc98ccd69fdb94,250637
0x9a22510f231ad37bda5b2268105e541f9bf8178f,250637
0x4669db71b94e7c32d9e7e8d04308d4485183d571,250637
0x1ca196cc302f97e0c0d33e7cc31be5c45ad87314,250637
0x7e3a74ab669d4c5f411940e97d1c29db3d39e950,250637
0xf22c6f8acf84efd3147984804bc9f4d6fb0b9fd6,250637
0x7ac97802318c8838f7545f3d97a89037b8cb4e6b,250637
0xe0dd52618e72b11c371efe49a4516e18b29c92dd,250637
0xdf69a3991f60e33f642ea780f3bace70f60918a5,250637
0xc9646094c395e7fb62621cccf225168e097d99d6,250637
0x4fd0312c2cf6de8aeade60dbf8fee428028f5ed6,250637
0x0dfab8d7e21ff231db1a9fa4a3d7a363b501e7e7,250637
0x3af1b7f0396e13e94fd3338466160a59b206d5dd,250637
0xcab3e5ce346e99cb623cd0ab166e27100252f9c6,250637
0xcfa093b75488383e5eef443562fd99b596dec3a1,250637
0x195a2ddf6839228d24320eb6f648b40a2a8427a8,250637
0xab429f5aa4c87a391b799ac7b91d5e3a6827709d,250637
0x36ca1a57bb72b27859e76d90fa0f4fbefb8cb6c2,250637
0x9a2b28c1af60b382aafd1125b5cb279a6af524de,250637
0x1fc32ff87fc36058d67cb14a1ae54f0720bd93be,250637
0x8d1add24e6c600bac715da46b75008297927670a,250637
0x8d8217de840496f5b876a19f4677791a1556485a,250637
0xcedf866187680e70296a8b9eece22a09b4f05798,250637
0xf5332b474f0718f1b755cc68896aa43c7638a6c4,250637
0x6d5f7be58117e102f0a75646fa7e697b63ad4a35,250637
0x0e880ec22e1da360341a831b406dc42165cc6900,250637
0x8de7eb2a6cc7233d2029e7ad2aedbbb169c68594,250637
0x64a31be5b8fb60934a3ff292c57206b87fc8094c,250637
0xc47eec5f14968b7f66ddfd3f7de56a23b58180ad,250637
0x37acbda959d989e26c4d69ab4b7e008c651f1299,250637
0x50307cf124ccc21c5dc08b83c1ab0aec38290a79,250637
0xb6d1d917a0c5356e3ddb1696c809085205fc377a,250637
0x180a0d693d8c2cf14948e8c7a2c42dfcff4be051,250637
0x3b7d646966a4f9c2814bd0b414818ab0cbd1242b,250637
0xc53cc25df91ca5ba7d21211bd65b558f67341e42,250637
0xa5431c2b9233d5c27050aab5c544337d42e286e4,250637
0x86c11351ae07794cec20fb9e47f106efa934b287,250637
0x4b7da8cc08c1998e6613144b6043c551deb6f445,250637
0x919ec8c8161c99930c1a0be8ee72de39e49283fe,250637
0x9050b216e4ccbedd38d89d1b77b9a096a7309c47,250637
0x3a57fed3c881c5c6167c5aa04af084de867ae2e6,250637
0xbfe947ab37965ac6783d1cbb4b09692ae99e7c90,250637
0xe2f07d5dfd3a00305ae02720859d7651634af00b,250637
0xb615a415aa288edef04433cc035a252ad10b6b61,250637
0xa7ea9d5d4d4c7cf7dbde5871e6d108603c6942a5,250637
0xcbb9db3d6280214acf5afd833723be0d255d9dd6,250637
0xb34d737b953f1e52b8c3af3991b070cd6f27c785,250637
0x18eea51e484bd131f413f0b34d6431c1f4b7ac36,250637
0x0f7e26178cdfd31e3f5c3e8e354026360feaf29f,250637
0xc11ca724ca6c6283187c2f042b828175a97ab3fb,250637
0xd0187d7448be3b9f89e60a34d545cd545d1e480b,250637
0xef78e0decd11ad9457a622193fb720171eeb470a,250637
0xa20b0de392f293274a2ef5189326e6bfa362c613,250637
0x47351f30e36f267263fc680fe1bd49fb5048c9d7,250637
0xab6b6bcc96aa8ea11ff1fa308422d13187268c72,250637
