0x59b39110b3dc0151de8d9ecd685556d7ec272ba2,250637
0x3194129579a54adc5e9946d29ec694934407ef2b,250637
0xc1be8f09b163055e68880d54a5fe3873079fc7c9,250637
0x5d92ffd44bff59e4ec710d0cdf3f3b24d107f21e,250637
0xc67875305058ae49bf0c3068dc456ccb9c06dc0f,250637
0x3f23f87b7204881ac359e12d3d9b9a548e256d94,250637
0xfc4eaa4ac84d00f1c5854113581f881b42b4a745,250637
0xb8ab25b121b581431d5c106d2ecb99381462ee82,250637
0x4bc9b310c3f0345e4570c4b9ccab65c236b79eab,250637
0xbc1d68e211198a2776dddaf82dc337d0c9b4132c,250637
0x556a71a05a30e9cdfbec0a85ae710f5672379b3c,250637
0xbeafd026588e42a082d3d943c7a038911d8d606a,250637
0xabe19319a159360758a1f2c4ffd46a7d4e6ebc8f,250637
0xeacb86e10377d2e9a21f08638cd95ff04271f70c,250637
0x4a477c704f6a90ebfa8d06f9797643ca2a02fa72,250637
0xde211a86c81b6b5c4c37ef75aa383b266be199c8,250637
0xea8b056d1594fe3a02d91eff016839d873f82070,250637
0x86ae11e231147d293b9fce8912aed1f65569c886,250637
0x523da701dedb553bc833d1a0684e38fa7deecab8,250637
0xbff85be1bc84b41305c24899845944758e237b3c,250637
0x961c6f81d0da7145eeea685ab67f60c4d266e73b,250637
0x128fef503b8e19b83547a578209f574def754081,250637
0x5b9b9c75feefa0241b80b0570083daaa9e3f62c6,250637
0x2ea99891d9b207f88531b2c82889911392382cd7,250637
0xb897cc26c2c5f9f6857fe05d6cd90d325011a09c,250637
0xdc77010df127e758bfabcd5076bac2e99fb23068,250637
0x88acd3439ffce8a995c04975ef1d729c8b5f2f73,250637
0x16cb4d2f99328eca10b5cb17700c61dda6776fb8,250637
0x00408f63225606c36b80e831bce3b5cc3861d501,250637
0xafdea8c4fc7a6207440bf5c1de356c8774251730,250637
0x1b9e9ad115b6f243b24651a14a93fa8d8104ec06,250637
0x6d8ff45b4621a72870fee3f344989bf123921d13,250637
0xff655e94dae681bb0ca432350dfcad72597e7f09,250637
0xe1701fe997feec504dce1f39fbc496d150fddb21,250637
0x4025b756c6601c05f9a4d12546e304c6254b731c,250637
0x7b6ea31f2d2bd86ffd9764f4dbb19e8f11463ec1,250637
0xe5d735ae1e5955ab852084c6f7d2afc69e5feb2b,250637
0xfa709274c0f785a17b60fa1d55ef50bdc04fd45d,250637
0x525e95e813d3e2dbf19e626120761e8b7433d6fa,250637
0x5e98002a01a876b99e1df58fb484d9368be0e1b8,250637
0x2821762224c46b3468ea5ac42d1f9b8016cefccd,250637
0x63dab8422e4bc4ddb18390b7b7db7d311c44f1c7,250637
0x3c9c83ad72ae1f171139c7af278898cb83a7d951,250637
0x6b0e758820e06779c37f72674716025b9ec4bb20,250637
0x1fe6f1f192f5bc733ff6ad3305b9eeeb6d820b84,250637
0x3e0574e7f313dd481966cdd835d2691d814c6dbe,250637
0xfbd622c2e33a18ef5abdb1dc035dca43be318c45,250637
0x2300e0b749611190998efeb465fcf01aa59d2206,250637
0x1297689d1fbb1e330ec9caa08923214751eb121c,250637
0x83a84eb76ddc30ff2e7ef54d5614e59edb452b12,250637
0x4d982e2340ca45f4a60996f5cbfb6065114be3a2,250637
0x273b70e210038095de79389b64500ebedd5f3feb,250637
0x51abb1ec7d8058d372ea22ba6b83af399138b81e,250637
0x938c6c571c568994f1d10a13d3103457e7d1f433,250637
0x85761d3f94d442f306917628220298905c7cb283,250637
0x9decfd9447c0107d5b0f24296906774266f63c5b,250637
0x52c1174759f81e8d0cb0835594b868a25f6ef078,250637
0x4720c3f25fb596d25aa5dc988b1596f0441d9a31,250637
0x2c41d75d8323424f89d5a795527ccba52f25e2b8,250637
0x440611082b67963acdfc6538ad316cc20012671f,250637
0x801a57e8fb1c2afe8357d930a9d4a5d0e6445481,250637
0xf17b0747ca87a31800634f0b17d16b390197f7a3,250637
0xb825d920771141f0b2427182ce0f27b43fe150e9,250637
0x227329a839af2a0264fcbdeadcb1ace9458978fb,250637
0xf2197d0d81634f9e17427c66d015b4c8447cc76a,250637
0xa4aea78ea70876af7a8db668878fb8d6bcd4ce58,250637
0x8547fe6390aae99ec600e661b509119473583949,250637
0x3f1ecfa8c26ec9e45b7571dc2a11f772e5c3db94,250637
0x07dce1428ec702c71d006363168e78d77bba1d1b,250637
0x47a2d1cfd402f3102659df7ddf1b908f0f6498e9,250637
0x440d2cc7c23d0fc6c9a3be738e787c3637d1ace6,250637
0x3cb4d6fccdb7e0df35dd7b13f004b9473f711b3f,250637
0x026bf1ce92eaf52aca9b0d701a7d5cd255cc8ffe,250637
0x35fdb9d77c04a01ace71682e792b73a4d684c871,250637
0x4cefa3592de4493cf7c9f549f98d41a9fccff7ca,250637
0xd0bd118cfeafc8e3f788ff5a1544890aa17a2a4d,250637
0x7af093b1c1037d1fce36807b06d042715ad644ea,250637
0xf38cb021608da89408811a574ed14c02542a27ec,250637
0xf89c37a9d0c0ee20db203e8f561a5a62b07fa55e,250637
0x3eba659c6e60001a62dac1a2874ddf03efaf7285,250637
0xa88b3aa1e4558aac69e142aca38eeb98a7b56adc,250637
0xab61bde6512ca4168c8c9ac68932831665fa65d2,250637
0xd60d1a6bcfb2d9f5ea2f3b60aa8ffb6ac177812d,250637
0xde167683d9664a469282b1c483f4a15dbfc484bc,250637
0xcb2f07ac1c8845252358afc9b99d19d1ebed0ade,250637
0x66a60022c7b15bbbbe265c55ad096e44f1138e19,250637
0xe6a7beffe7edb52967ddac370a401ba67061632d,250637
0xfc7d9c413c8c24b0f727fe59a9d34deba27fed43,250637
0x9d80e6b031578a1c0a0e20719f7f6630b4ddde06,250637
0x0c9f71c5edacf8f2031eae32fb767928990046cf,250637
0xd83341e8543200d865dbcc773be8a07c52247bf4,250637
0x851a8498be5c13056f7daa3c990bb3b21c669e57,250637
0x0a261f4b29a29cb005e9dc8c9cf645318617ee17,250637
0x98be719e78b76014f63a3da9c269505f4569e1df,250637
0x1997f7d8d5747db6be75a53dc08b13fbd3b7dc11,250637
0xb78c6591a53ad05e632abf76981d5cc854db4499,250637
0xb6d94816eac5363dcc8596f1775fae7fbec0d4ee,250637
0x4a59d2c714ae585b2acdc6f85d0fe4dd6b942f17,250637
0x75c9fec88422f30968b4ed787a747ae00372bc99,250637
0x16e5d5422cd7471ae6eca5d6401511a2ab21ea34,250637
0x0318ccfbfae5e2c06b2f533a35acecea13b9909f,250637
0x9a2d4e4ac3587bd2c5398f7cdc32b11888a74491,250637
0x731d157a5aabfdb622d1c527310b23d279c00dc1,250637
0x9ed03722509beb97b346159119a868745c71bf31,250637
0x5b5cb8fcf597917b057006193c261dfb47123450,250637
0xc7b42c702770ac14c01693d6e62a6f7a18e5d4d6,250637
0x253584543d8273444de5a029b5a56d083958190a,250637
0xb089a35a0934befbfadcb9792bbd5986b43858c5,250637
0x0bc2f4a81b207e83db0e9975f4bb178ee689950d,250637
0xf701335e221c71c3f08e6a553a893173d454b515,250637
0x79f19e023df2a67a51b8d1a2d0ce7852da904177,250637
0xa99b0fad586cc49d256e2d51322ae84ebf24271f,250637
0xafc38e5968cee61365c8b4193f521c9e15f60886,250637
0xa5fc1c0aa2928a3792a80fc7ead2e641847246af,250637
0x996c067c913055cde948994afb4d5ea61f650391,250637
0x525f3f4e0bd1995d161e30715ff64e5ac114d191,250637
0xddd0bc1144f64d717c66ac8b4247045bb5a8a1d1,250637
0x4f2343702b0d21c9e7755551066fb59802e2efb6,250637
0xc55bd79e3f8c0aa80c18819e8ceee85753295887,250637
0xfedc27edd94f9dc28344b162b4dd1ada566c79c9,250637
0xb80c812d6fadf24c06dd72bc75a872a3f6c6e1e8,250637
0x0ef27b048b2c794aae2f3763e09bfdebaa79db5b,250637
0xe3f0e67a17081e03934739a843696c9ec4e251e2,250637
0x2a7cc49685045116d65b36867857c9acc1cb7f2f,250637
0x5b0238fd21833f5121be43e8b89b0900a7d05302,250637
0xfe6452534415bcb1152db84b3ee246921a0199ad,250637
0xd91fdf95dfdd8ac6d30cf0bb92670e28ec216c4d,250637
0x84ec4f6bce2837525f665a1b512e5b306613d8b7,250637
0x9837c40e5bbdd2752262cf3744b8398a056e5062,250637
0x4b81983f3e276102f6d28185d0437051ef1ac3b5,250637
0xb013ea7bcb7ace549eba450e14b66685c2e1f728,250637
0xd74bbdd3969e6d8c68fdf062a5334773b73ffa19,250637
0x8db4dd25082ece6c14ecdf92ebdef02ca481d58f,250637
0x870a61e728302e898ba5da6a8a3c503c03337af9,250637
0xb2ddb8c4add17e3adc3ef569dc10bcc6db3faf11,250637
0x0248f3fa21bb9e09014ad17a4c7c79fd53473364,250637
0x5278badc50017baf2604ba596215e0c420532c37,250637
0x9692e9589e7d56fddbb67220fa8ebdc4b5621f83,250637
0x60d4e25f638bfe0b8b4db82ef465f190d648a8fb,250637
0xf1630a866f09083d9c6d5a8056e0b24e1f3a383e,250637
0x26344bf58b13e40c61a38ac363823e14966a59b7,250637
0xe82ccd3483654980229cf3626b91e94b69ec501d,250637
0x88b44d4d48b2dc5ca22ebb5cb416e9933d57d382,250637
0x01ad41d8eab1029c90a85d87bde620151fee5b5d,250637
0x63e2582ec20745b8b433d4dafe31a9000b0f4e56,250637
0x11f5092aff20f059f193ff33635df0f68d15e934,250637
0x07c93e529b51116fd27dc68c4e869c67e39624a0,250637
0x94c8680fe9af2e2085368ffd9a3a722843055754,250637
0xb2b87cbc2f5bc28ecb41b0ef068e6a814e0c55e0,250637
0xf2f7b7b160ba4bf463e3eec3a9394477db8c92e8,250637
0x0e30408c79f4616d527e170e0f1a99867dc777c3,250637
0x1ca861ef5a2614735e0dd2e3a646a60dc5146264,250637
0xe5875a0da6d24bf2bed722649ce272126c33657d,250637
0x30855a620b273da3dfa86b5ac5e2be704fad40fd,250637
0xbf758b1bcc06e872f2a1a26a341cd4becd732e51,250637
0xf59d73d53a8640d07d8786dc5832551b245787b0,250637
0xaee341cc8d89a4b67dd9254071e72e01e282e5ee,250637
0x589ea3b488a8f93a13408b185efb2882b01030a9,250637
0x262e5a793051ca6fe66f87a5a4037846c249eacf,250637
0xd87c210d4bdd52e12737feb3c2b3fbc50880432d,250637
0xf0ba3a3f0eaba09b1b85d47a865f3adef1c47799,250637
0x409a15faf803493e2ec29aa5d5e266cec5b8f0d9,250637
0x3b46a2f8d6cb80116af7e6da985d1fc0de67cede,250637
0x7f2bfd89e3a2bcda3a4f6b6b348526dea3dbd8fd,250637
0x46e14248a25e58b80add9f32d859dd7e53558d00,250637
0x017c32725fa66a7d00c1beb6ca7444463ed0a40a,250637
0xd7012c26214eb31c517f5ca4e6b99b76060d8429,250637
0x4023dbaf6e37921223cc9a079416fa394937fa5a,250637
0xa34bb8ef0ceb51a9a35e7a57476f8bc9eeebc45d,250637
0x6e8a32d7a385f20e452b51b646b6ac5197ae379c,250637
0x7eb87a95948348d6ec7231b52f61281e01d53941,250637
0x51736f2d74ee24b968434a0104d01eb1ac9f42ee,250637
0x9824d8a4284a460f7038f20b1c97a7fc3024869d,250637
0xbc031a9348aa89ff02591348caed0f758098fb33,250637
0x200fe9dc4e0e9c2319dc295262e34ec759799a33,250637
0xe639cdf6163a761dcae09c59f518e348a1cbdd8a,250637
0x71e267713f313d4d506e4fb7438ae26b58169436,250637
0x060857339bda84bcd20c59d26b69833cb19afd4d,250637
0x5e25ebf7d824ac9f2cb5db8b59b5f1218e6053ac,250637
0x5cd976f4131df7ad8cda3d5b81ed86652c577183,250637
0x30a36a85338dac3328227fdcd325749137b2cbaf,250637
0x4f4dc737c79cfa144fe0e7acefa7d9f3914dae68,250637
0xa5a60860437d97621abba3700d44fcf8f80cffa5,250637
0xd788da57b88dccc18b4d85f887a5947187e94f1b,250637
0x81ff236dc85e6eb2081af7d90d93e88864c5c57d,250637
0x776de32c5eb60423ca863d0556c2a045aa438837,250637
0x5df54fec4e28fdf9dc7eaa86d51d4d9d64cfb8d4,250637
0x16f584d4fdbbd2659fbad237cd7f80998f7ef45d,250637
0x440de0790a1eaea1a6a78362a236842e9cb3fde4,250637
0x05a6de710428490201e698513f42af8728d5626d,250637
0x516d801176d8816e03f4bef9613ff52757b69c91,250637
0xe4fb6adb12ca72be1355485ea64905cb89afda6f,250637
0xabcc947ae3068e1cf40292a9d5d0e6191d4071ac,250637
0x9df633dc6c28c6a5e89c389f374f1503495f2548,250637
0x5b25b80fdb2d7fd09841cab74c1e456839198400,250637
0xdd1f39028f61dcfe57f0bf9cb9d6874f927f32c0,250637
0x39afe2532910b72cd350bafe34230e888b349c64,250637
0x3ec89a46d0558cb263c8f9efbc07761ed1dcbb61,250637
0xf584948ecb12bdf9bc6ecaf3ac18d5b703ecb07f,250637
